dzr_sng_id,artist_name
538691,westlife
538692,westlife
538693,westlife
538694,westlife
538695,westlife
538698,westlife
538699,westlife
538700,westlife
538701,westlife
538702,westlife
566286,westlife
566287,westlife
566288,westlife
566289,westlife
566290,westlife
566291,westlife
566293,westlife
566294,westlife
566295,westlife
566296,westlife
575093,westlife
575095,westlife
575098,westlife
575099,westlife
575103,westlife
575105,westlife
575109,westlife
575144,westlife
575147,westlife
575149,westlife
837920,westlife
837921,westlife
837922,westlife
837923,westlife
837925,westlife
837926,westlife
837928,westlife
837929,westlife
837936,westlife
837937,westlife
958179,westlife
959914,westlife
959919,westlife
959920,westlife
959926,westlife
959928,westlife
959933,westlife
959935,westlife
959939,westlife
960838,westlife
1010948,westlife
1010965,westlife
1010968,westlife
1011118,westlife
1011124,westlife
1011126,westlife
1011128,westlife
1011132,westlife
1011134,westlife
1011138,westlife
7583660,westlife
7583662,westlife
7583663,westlife
7583664,westlife
7583665,westlife
7583666,westlife
7583667,westlife
7583668,westlife
7583669,westlife
7583670,westlife
13131930,westlife
13131932,westlife
13131933,westlife
13131934,westlife
13131935,westlife
13131936,westlife
13131938,westlife
13131939,westlife
13131941,westlife
13131942,westlife
559724,system of a down
559725,system of a down
559726,system of a down
559727,system of a down
559728,system of a down
559729,system of a down
559730,system of a down
559788,system of a down
559789,system of a down
559790,system of a down
859699,system of a down
859700,system of a down
859701,system of a down
859702,system of a down
865520,system of a down
865525,system of a down
4007202,system of a down
4007203,system of a down
5884440,system of a down
5884443,system of a down
5884444,system of a down
5884448,system of a down
5884449,system of a down
975132,system of a down
975139,system of a down
975140,system of a down
975143,system of a down
975144,system of a down
975145,system of a down
61064523,system of a down
61064525,system of a down
61064526,system of a down
61064527,system of a down
61064529,system of a down
61064530,system of a down
61064531,system of a down
61064532,system of a down
61064533,system of a down
61064536,system of a down
613800,julio iglesias
613804,julio iglesias
613811,julio iglesias
613820,julio iglesias
613822,julio iglesias
619432,julio iglesias
619437,julio iglesias
619445,julio iglesias
619463,julio iglesias
619468,julio iglesias
619479,julio iglesias
619484,julio iglesias
619489,julio iglesias
619491,julio iglesias
14896726,julio iglesias
1016643,julio iglesias
1016645,julio iglesias
1016648,julio iglesias
1016651,julio iglesias
1016653,julio iglesias
1016655,julio iglesias
1016657,julio iglesias
1016659,julio iglesias
1016661,julio iglesias
1016663,julio iglesias
1130483,julio iglesias
1130484,julio iglesias
1130856,julio iglesias
1130857,julio iglesias
1130858,julio iglesias
1130859,julio iglesias
1130860,julio iglesias
1130861,julio iglesias
1130862,julio iglesias
1130863,julio iglesias
1131566,julio iglesias
1131568,julio iglesias
1131570,julio iglesias
1131572,julio iglesias
1131574,julio iglesias
1131576,julio iglesias
1131580,julio iglesias
1131582,julio iglesias
1131584,julio iglesias
16276983,julio iglesias
13183475,julio iglesias
13183476,julio iglesias
13183477,julio iglesias
13183478,julio iglesias
13183479,julio iglesias
13183480,julio iglesias
13183481,julio iglesias
14893024,julio iglesias
15268704,julio iglesias
15268705,julio iglesias
15261419,julio iglesias
15261422,julio iglesias
70715935,julio iglesias
70715937,julio iglesias
70715939,julio iglesias
70715940,julio iglesias
70715942,julio iglesias
70715944,julio iglesias
70715945,julio iglesias
70715948,julio iglesias
108120770,julio iglesias
108120774,julio iglesias
108120776,julio iglesias
108120778,julio iglesias
108120780,julio iglesias
108120782,julio iglesias
108120784,julio iglesias
108120786,julio iglesias
108120788,julio iglesias
108120790,julio iglesias
661112,sepultura
661113,sepultura
661114,sepultura
661115,sepultura
661116,sepultura
661117,sepultura
661118,sepultura
661121,sepultura
661123,sepultura
661124,sepultura
805832,sepultura
805844,sepultura
805858,sepultura
805880,sepultura
805883,sepultura
805889,sepultura
805895,sepultura
805900,sepultura
805908,sepultura
805915,sepultura
2794301,sepultura
2794302,sepultura
2794303,sepultura
2794304,sepultura
2794305,sepultura
2794306,sepultura
2794310,sepultura
2794311,sepultura
2794312,sepultura
2851464,sepultura
2851465,sepultura
2851467,sepultura
2851468,sepultura
2851469,sepultura
2851470,sepultura
2851473,sepultura
2851476,sepultura
2851477,sepultura
2851478,sepultura
71928481,sepultura
71928482,sepultura
71928483,sepultura
71928484,sepultura
71928485,sepultura
71928486,sepultura
71928487,sepultura
71928488,sepultura
71928489,sepultura
71928490,sepultura
81934722,sepultura
81934740,sepultura
81934744,sepultura
81934762,sepultura
81934780,sepultura
81934800,sepultura
81934802,sepultura
81934832,sepultura
139674503,sepultura
139674505,sepultura
139674507,sepultura
139674509,sepultura
139674511,sepultura
139674513,sepultura
139674515,sepultura
139674519,sepultura
139674523,sepultura
354502261,sepultura
354502271,sepultura
354502291,sepultura
354502301,sepultura
354502321,sepultura
354502331,sepultura
354502341,sepultura
354502371,sepultura
354502401,sepultura
354502421,sepultura
877404,nelly furtado
877406,nelly furtado
877407,nelly furtado
877408,nelly furtado
877410,nelly furtado
877412,nelly furtado
877414,nelly furtado
877415,nelly furtado
884176,nelly furtado
884178,nelly furtado
884182,nelly furtado
884184,nelly furtado
884186,nelly furtado
884188,nelly furtado
884189,nelly furtado
884190,nelly furtado
884191,nelly furtado
884192,nelly furtado
913070,nelly furtado
913076,nelly furtado
913082,nelly furtado
913088,nelly furtado
913101,nelly furtado
913117,nelly furtado
913125,nelly furtado
913134,nelly furtado
913144,nelly furtado
913153,nelly furtado
1137898,nelly furtado
1137901,nelly furtado
1137903,nelly furtado
1137905,nelly furtado
1137907,nelly furtado
1137909,nelly furtado
1137913,nelly furtado
1137916,nelly furtado
1137919,nelly furtado
1137932,nelly furtado
1151140,nelly furtado
1151143,nelly furtado
1151149,nelly furtado
1151152,nelly furtado
1151153,nelly furtado
1151154,nelly furtado
1151157,nelly furtado
1151158,nelly furtado
1151160,nelly furtado
1151161,nelly furtado
4185665,nelly furtado
4185667,nelly furtado
4185668,nelly furtado
4185670,nelly furtado
4185671,nelly furtado
4185672,nelly furtado
4185673,nelly furtado
4185674,nelly furtado
4185675,nelly furtado
4185676,nelly furtado
7442020,nelly furtado
7442021,nelly furtado
7442022,nelly furtado
7442024,nelly furtado
7442025,nelly furtado
7442026,nelly furtado
7442027,nelly furtado
7442028,nelly furtado
7442030,nelly furtado
7442031,nelly furtado
58740401,nelly furtado
58740411,nelly furtado
58740441,nelly furtado
58740461,nelly furtado
58740471,nelly furtado
58740481,nelly furtado
58740491,nelly furtado
58740501,nelly furtado
58740511,nelly furtado
58740561,nelly furtado
931416,enrique iglesias
931423,enrique iglesias
931424,enrique iglesias
931425,enrique iglesias
931427,enrique iglesias
931435,enrique iglesias
931437,enrique iglesias
931439,enrique iglesias
931444,enrique iglesias
931446,enrique iglesias
1104332,enrique iglesias
1104333,enrique iglesias
1104334,enrique iglesias
1104335,enrique iglesias
1104336,enrique iglesias
1104337,enrique iglesias
1104338,enrique iglesias
1104339,enrique iglesias
1104340,enrique iglesias
1104341,enrique iglesias
1182392,enrique iglesias
1182393,enrique iglesias
1182394,enrique iglesias
1182395,enrique iglesias
1182396,enrique iglesias
1182397,enrique iglesias
1182398,enrique iglesias
1182399,enrique iglesias
1182400,enrique iglesias
1182401,enrique iglesias
1567411,enrique iglesias
1567416,enrique iglesias
1567418,enrique iglesias
1567425,enrique iglesias
1567429,enrique iglesias
1567434,enrique iglesias
1567442,enrique iglesias
1567445,enrique iglesias
1567446,enrique iglesias
1567449,enrique iglesias
2276251,enrique iglesias
2276253,enrique iglesias
2276255,enrique iglesias
2276257,enrique iglesias
2276259,enrique iglesias
2276260,enrique iglesias
2276262,enrique iglesias
2276263,enrique iglesias
2276265,enrique iglesias
2276266,enrique iglesias
2279343,enrique iglesias
2279344,enrique iglesias
2279345,enrique iglesias
2279346,enrique iglesias
2279348,enrique iglesias
2279349,enrique iglesias
2279350,enrique iglesias
2279351,enrique iglesias
2279354,enrique iglesias
2279356,enrique iglesias
84097475,enrique iglesias
84097481,enrique iglesias
84097485,enrique iglesias
84097487,enrique iglesias
84097507,enrique iglesias
395416442,enrique iglesias
395416452,enrique iglesias
395416462,enrique iglesias
395416472,enrique iglesias
395416482,enrique iglesias
395416492,enrique iglesias
395416502,enrique iglesias
395416512,enrique iglesias
395416522,enrique iglesias
1104506,the cranberries
1104508,the cranberries
1104509,the cranberries
1104510,the cranberries
1104511,the cranberries
1104512,the cranberries
1104513,the cranberries
1104516,the cranberries
1104520,the cranberries
1104521,the cranberries
1157468,the cranberries
1157469,the cranberries
1157470,the cranberries
1157473,the cranberries
1157474,the cranberries
1157477,the cranberries
1157478,the cranberries
1157481,the cranberries
1157482,the cranberries
1157485,the cranberries
1169592,the cranberries
1169594,the cranberries
1169595,the cranberries
1169597,the cranberries
1169599,the cranberries
1169607,the cranberries
1169609,the cranberries
1169610,the cranberries
1176440,the cranberries
1176444,the cranberries
1176448,the cranberries
1176449,the cranberries
1176451,the cranberries
1176452,the cranberries
1176454,the cranberries
1176455,the cranberries
1176457,the cranberries
1176458,the cranberries
2279419,the cranberries
2279420,the cranberries
2279421,the cranberries
2279422,the cranberries
2279424,the cranberries
2279426,the cranberries
2279427,the cranberries
2279428,the cranberries
3040979,the cranberries
3040985,the cranberries
3040986,the cranberries
3040987,the cranberries
3041020,the cranberries
3041022,the cranberries
3041023,the cranberries
3041025,the cranberries
3041038,the cranberries
3041046,the cranberries
5250946,the cranberries
5250947,the cranberries
5250948,the cranberries
5250949,the cranberries
5250951,the cranberries
5250953,the cranberries
5250954,the cranberries
5250957,the cranberries
5250958,the cranberries
5250959,the cranberries
349878741,the cranberries
349878751,the cranberries
349878761,the cranberries
349878781,the cranberries
349878791,the cranberries
349878801,the cranberries
349878811,the cranberries
349878831,the cranberries
349878841,the cranberries
349878851,the cranberries
1122148,dmx
1122150,dmx
1122153,dmx
1122155,dmx
1122157,dmx
1122160,dmx
1122161,dmx
1122162,dmx
1122163,dmx
1122164,dmx
1124454,dmx
1124455,dmx
1124457,dmx
1124458,dmx
1124463,dmx
1124464,dmx
1124467,dmx
1124468,dmx
1124469,dmx
1124470,dmx
9951182,dmx
9951183,dmx
9951188,dmx
62649143,dmx
62649147,dmx
62649148,dmx
62649149,dmx
62649150,dmx
62649151,dmx
62649152,dmx
13027976,dmx
13027977,dmx
13027978,dmx
13027980,dmx
13027982,dmx
13027983,dmx
60140721,dmx
60140731,dmx
60140741,dmx
60140751,dmx
60855097,dmx
60855102,dmx
60855103,dmx
60855104,dmx
60855105,dmx
60855106,dmx
60855107,dmx
60855110,dmx
60855111,dmx
60855112,dmx
65981234,dmx
65981235,dmx
65981236,dmx
65981237,dmx
65981238,dmx
65981239,dmx
65981241,dmx
65981242,dmx
65981243,dmx
92518494,dmx
92518498,dmx
92518500,dmx
92518504,dmx
92518506,dmx
92518510,dmx
92518514,dmx
92518518,dmx
92518520,dmx
92518522,dmx
1141665,50 cent
1141668,50 cent
1141669,50 cent
1141670,50 cent
1141673,50 cent
1141674,50 cent
1141677,50 cent
1141678,50 cent
1141681,50 cent
1141683,50 cent
4633368,50 cent
4633369,50 cent
4633371,50 cent
4633372,50 cent
4633373,50 cent
4633374,50 cent
4633375,50 cent
4633376,50 cent
4633378,50 cent
4633383,50 cent
78822625,50 cent
78822626,50 cent
78822627,50 cent
78822628,50 cent
78822629,50 cent
78822630,50 cent
78822631,50 cent
78822633,50 cent
78822634,50 cent
78822635,50 cent
107248102,50 cent
107248104,50 cent
107248108,50 cent
107248110,50 cent
107248112,50 cent
128487759,50 cent
128487761,50 cent
128487771,50 cent
128487773,50 cent
128487775,50 cent
145429542,50 cent
145429544,50 cent
145429546,50 cent
145429548,50 cent
145429550,50 cent
145429554,50 cent
145429558,50 cent
145429564,50 cent
145429566,50 cent
145429568,50 cent
1151609,marilyn manson
1151611,marilyn manson
1151612,marilyn manson
1151614,marilyn manson
1151615,marilyn manson
1151617,marilyn manson
1151618,marilyn manson
1151621,marilyn manson
1151623,marilyn manson
1151624,marilyn manson
2399429,marilyn manson
2399435,marilyn manson
2399438,marilyn manson
2399442,marilyn manson
2399444,marilyn manson
2399448,marilyn manson
2399453,marilyn manson
2399458,marilyn manson
2399460,marilyn manson
2399465,marilyn manson
2516592,marilyn manson
2516594,marilyn manson
2516595,marilyn manson
2516597,marilyn manson
2516598,marilyn manson
2516599,marilyn manson
2516600,marilyn manson
2516601,marilyn manson
2516603,marilyn manson
3051567,marilyn manson
3051569,marilyn manson
3051570,marilyn manson
3051571,marilyn manson
3051573,marilyn manson
3051574,marilyn manson
3051575,marilyn manson
3051577,marilyn manson
3051578,marilyn manson
3051579,marilyn manson
79621412,marilyn manson
79621414,marilyn manson
79621416,marilyn manson
79621418,marilyn manson
79621420,marilyn manson
87938847,marilyn manson
87938851,marilyn manson
87938853,marilyn manson
87938857,marilyn manson
87938859,marilyn manson
87938863,marilyn manson
87938865,marilyn manson
87938867,marilyn manson
87938869,marilyn manson
87938875,marilyn manson
104178450,marilyn manson
104178452,marilyn manson
104178458,marilyn manson
104178466,marilyn manson
104178468,marilyn manson
2266862,tears for fears
2266863,tears for fears
2266864,tears for fears
2266865,tears for fears
2266866,tears for fears
2266867,tears for fears
2266868,tears for fears
2266869,tears for fears
2266870,tears for fears
2266871,tears for fears
2509175,tears for fears
2509177,tears for fears
2509181,tears for fears
2509182,tears for fears
2509188,tears for fears
2509191,tears for fears
2509192,tears for fears
2509193,tears for fears
2509194,tears for fears
2509197,tears for fears
7340215,tears for fears
7340217,tears for fears
7340218,tears for fears
7340220,tears for fears
7340225,tears for fears
7340237,tears for fears
7340240,tears for fears
7340243,tears for fears
7340244,tears for fears
7340245,tears for fears
7701124,tears for fears
7701126,tears for fears
7701128,tears for fears
7701131,tears for fears
7701133,tears for fears
7701134,tears for fears
7701135,tears for fears
7701137,tears for fears
7701138,tears for fears
7701139,tears for fears
8139858,tears for fears
8139859,tears for fears
8139860,tears for fears
8139861,tears for fears
8139863,tears for fears
8139864,tears for fears
8139865,tears for fears
8139866,tears for fears
8139867,tears for fears
8139868,tears for fears
71353934,tears for fears
71353937,tears for fears
71353938,tears for fears
71353940,tears for fears
71353943,tears for fears
71353944,tears for fears
71353946,tears for fears
71353959,tears for fears
71353960,tears for fears
71353961,tears for fears
88845793,tears for fears
88845795,tears for fears
88845805,tears for fears
88845819,tears for fears
88845833,tears for fears
88845835,tears for fears
88845845,tears for fears
88845851,tears for fears
88845855,tears for fears
88845881,tears for fears
2368919,pitbull
2368922,pitbull
2368931,pitbull
2368937,pitbull
2368940,pitbull
2368941,pitbull
2368958,pitbull
2368971,pitbull
2368978,pitbull
4097302,pitbull
4097303,pitbull
4097304,pitbull
4097306,pitbull
4097308,pitbull
4097312,pitbull
4208652,pitbull
4216277,pitbull
4634868,pitbull
4634870,pitbull
4634872,pitbull
4634873,pitbull
4634875,pitbull
4634877,pitbull
4634878,pitbull
10279760,pitbull
10279761,pitbull
10279762,pitbull
10279763,pitbull
10279764,pitbull
10279765,pitbull
10279766,pitbull
10279767,pitbull
10279768,pitbull
10279769,pitbull
27092551,pitbull
27092561,pitbull
27092571,pitbull
27092581,pitbull
27092591,pitbull
27092631,pitbull
27092651,pitbull
27092681,pitbull
27092711,pitbull
27092721,pitbull
61972440,pitbull
61972441,pitbull
61972444,pitbull
61972445,pitbull
61972446,pitbull
61972447,pitbull
61972448,pitbull
72332242,pitbull
72332248,pitbull
72332249,pitbull
72332250,pitbull
72332251,pitbull
72332252,pitbull
102660990,pitbull
102660992,pitbull
102660994,pitbull
102660996,pitbull
102660998,pitbull
102661002,pitbull
102661004,pitbull
102661006,pitbull
102661008,pitbull
102661010,pitbull
3152725,ub40
3152726,ub40
3152727,ub40
3152728,ub40
3152730,ub40
3152731,ub40
3152732,ub40
3152735,ub40
3152736,ub40
3152738,ub40
3152876,ub40
3152877,ub40
3152878,ub40
3152879,ub40
3152880,ub40
3152881,ub40
3152882,ub40
3152883,ub40
3152885,ub40
3152886,ub40
3187484,ub40
3187485,ub40
3187486,ub40
3187487,ub40
3187488,ub40
3187489,ub40
3187490,ub40
3187491,ub40
3187492,ub40
3188602,ub40
3188604,ub40
3188605,ub40
3188606,ub40
3188609,ub40
3362774,ub40
3362775,ub40
3362776,ub40
3362777,ub40
3362778,ub40
3362779,ub40
3362780,ub40
3362781,ub40
3362782,ub40
3362783,ub40
5303719,ub40
5303721,ub40
5303724,ub40
5303725,ub40
5303726,ub40
5303727,ub40
5303729,ub40
5303730,ub40
5303731,ub40
5303732,ub40
70257219,ub40
70257221,ub40
70257223,ub40
70257225,ub40
70257228,ub40
70257229,ub40
70257231,ub40
70257232,ub40
70257233,ub40
70257234,ub40
3172674,n.w.a
3172675,n.w.a
3172677,n.w.a
3172678,n.w.a
3172679,n.w.a
3172680,n.w.a
3172681,n.w.a
3172683,n.w.a
3172686,n.w.a
3172689,n.w.a
96363940,n.w.a
96363942,n.w.a
96363944,n.w.a
96363946,n.w.a
96363948,n.w.a
105364502,n.w.a
105364504,n.w.a
105364506,n.w.a
105364510,n.w.a
105364512,n.w.a
105364516,n.w.a
105364518,n.w.a
105364520,n.w.a
105364522,n.w.a
105364524,n.w.a
3393519,belo
3393521,belo
3393524,belo
3393526,belo
3393528,belo
3393529,belo
3394725,belo
3394726,belo
3394727,belo
3394728,belo
3394729,belo
3394731,belo
3394732,belo
3394733,belo
3394735,belo
3394738,belo
13350344,belo
13350345,belo
13350347,belo
13350348,belo
13350349,belo
13350350,belo
13350352,belo
13350353,belo
13350355,belo
13350488,belo
14567147,belo
14567148,belo
14567150,belo
14567153,belo
14567154,belo
14567155,belo
14567156,belo
14567157,belo
14567158,belo
14567160,belo
60977810,belo
60977812,belo
60977813,belo
60977819,belo
60977820,belo
60977823,belo
60977827,belo
60977828,belo
60977832,belo
60977833,belo
88374215,belo
88374217,belo
88374221,belo
88374231,belo
88374233,belo
88374235,belo
88374237,belo
88374239,belo
88374243,belo
88374245,belo
140575385,belo
140575387,belo
140575389,belo
140575393,belo
140575395,belo
140575397,belo
140575401,belo
140575403,belo
140575405,belo
140575407,belo
3667319,zz top
3667320,zz top
3667322,zz top
3667323,zz top
3667326,zz top
3667327,zz top
3667328,zz top
3667329,zz top
3667330,zz top
3667331,zz top
3822184,zz top
3822185,zz top
3822186,zz top
3822187,zz top
3822188,zz top
3822189,zz top
3822190,zz top
3822191,zz top
3822192,zz top
3822193,zz top
58030891,zz top
58030901,zz top
58030911,zz top
58030921,zz top
58030931,zz top
58030951,zz top
67707132,zz top
67707133,zz top
67707134,zz top
67707135,zz top
67707136,zz top
67707137,zz top
67707138,zz top
67707140,zz top
67707141,zz top
71188547,zz top
71188548,zz top
71188549,zz top
71188550,zz top
71188551,zz top
71188552,zz top
71188554,zz top
71188556,zz top
71188557,zz top
71188558,zz top
72850617,zz top
72850618,zz top
72850624,zz top
72850626,zz top
72850627,zz top
72850628,zz top
79736456,zz top
79736458,zz top
79736460,zz top
79736462,zz top
79736464,zz top
79736466,zz top
79736468,zz top
79736470,zz top
79736472,zz top
79736478,zz top
389048861,zz top
389048871,zz top
389048881,zz top
389048891,zz top
389048901,zz top
389048921,zz top
389048941,zz top
389048951,zz top
389048961,zz top
389048971,zz top
3878511,alejandro sanz
3878512,alejandro sanz
3878513,alejandro sanz
3878514,alejandro sanz
3878516,alejandro sanz
3878517,alejandro sanz
3878518,alejandro sanz
3878519,alejandro sanz
3886461,alejandro sanz
3886462,alejandro sanz
3886463,alejandro sanz
3886464,alejandro sanz
3886465,alejandro sanz
3886466,alejandro sanz
3886467,alejandro sanz
3886468,alejandro sanz
3886469,alejandro sanz
3886470,alejandro sanz
3902812,alejandro sanz
3902813,alejandro sanz
3902814,alejandro sanz
3902815,alejandro sanz
3902816,alejandro sanz
3902817,alejandro sanz
3902819,alejandro sanz
3902820,alejandro sanz
3902821,alejandro sanz
7632010,alejandro sanz
7632011,alejandro sanz
7632013,alejandro sanz
7632014,alejandro sanz
7632015,alejandro sanz
7632016,alejandro sanz
7632017,alejandro sanz
7632018,alejandro sanz
7632019,alejandro sanz
14620248,alejandro sanz
14620250,alejandro sanz
14620251,alejandro sanz
14620253,alejandro sanz
14620254,alejandro sanz
14620256,alejandro sanz
14620257,alejandro sanz
14620258,alejandro sanz
14620259,alejandro sanz
14620260,alejandro sanz
60688242,alejandro sanz
60688243,alejandro sanz
60688244,alejandro sanz
60688245,alejandro sanz
60688246,alejandro sanz
60688247,alejandro sanz
60688248,alejandro sanz
60688251,alejandro sanz
60688252,alejandro sanz
60688253,alejandro sanz
98913898,alejandro sanz
98913900,alejandro sanz
98913902,alejandro sanz
98913904,alejandro sanz
98913906,alejandro sanz
98913908,alejandro sanz
98913910,alejandro sanz
98913912,alejandro sanz
98913914,alejandro sanz
98913918,alejandro sanz
4108862,the rolling stones
4108863,the rolling stones
4108864,the rolling stones
4108865,the rolling stones
4108866,the rolling stones
4108867,the rolling stones
4108868,the rolling stones
4108869,the rolling stones
4108870,the rolling stones
4108871,the rolling stones
4124706,the rolling stones
4124707,the rolling stones
4124708,the rolling stones
4124709,the rolling stones
4124710,the rolling stones
4124712,the rolling stones
4124713,the rolling stones
4124714,the rolling stones
4124715,the rolling stones
4124717,the rolling stones
7677780,the rolling stones
7677784,the rolling stones
7677785,the rolling stones
7677786,the rolling stones
7677788,the rolling stones
7677790,the rolling stones
7677792,the rolling stones
7677795,the rolling stones
7677800,the rolling stones
7677802,the rolling stones
7818887,the rolling stones
7818888,the rolling stones
7818889,the rolling stones
7818890,the rolling stones
7818893,the rolling stones
7818894,the rolling stones
7818895,the rolling stones
7818896,the rolling stones
7818897,the rolling stones
7818898,the rolling stones
9955919,the rolling stones
9955920,the rolling stones
9955921,the rolling stones
9955922,the rolling stones
9955924,the rolling stones
9955925,the rolling stones
9955926,the rolling stones
9955928,the rolling stones
9955929,the rolling stones
9956162,the rolling stones
9956163,the rolling stones
9956164,the rolling stones
9956165,the rolling stones
9956166,the rolling stones
9956167,the rolling stones
9956169,the rolling stones
9956170,the rolling stones
9956171,the rolling stones
371630641,the rolling stones
371630651,the rolling stones
371630661,the rolling stones
371630691,the rolling stones
371630731,the rolling stones
371630741,the rolling stones
371630801,the rolling stones
371630811,the rolling stones
371630821,the rolling stones
371630831,the rolling stones
371630871,the rolling stones
371630891,the rolling stones
371630901,the rolling stones
371630911,the rolling stones
371630921,the rolling stones
371630941,the rolling stones
371630991,the rolling stones
371631001,the rolling stones
371631011,the rolling stones
371631021,the rolling stones
4207601,manu chao
4207602,manu chao
4207604,manu chao
4207606,manu chao
4207607,manu chao
4207610,manu chao
4207611,manu chao
4207613,manu chao
4207619,manu chao
4207637,manu chao
4207638,manu chao
4207639,manu chao
4207640,manu chao
4207641,manu chao
4207643,manu chao
4207645,manu chao
71608361,manu chao
71608362,manu chao
71608365,manu chao
71608366,manu chao
71608370,manu chao
71608371,manu chao
71608372,manu chao
71608374,manu chao
71608376,manu chao
71630328,manu chao
71630329,manu chao
71630330,manu chao
71630331,manu chao
71630333,manu chao
71630334,manu chao
71630344,manu chao
71630346,manu chao
71630364,manu chao
71630369,manu chao
71652999,manu chao
71653001,manu chao
71653006,manu chao
71653010,manu chao
71653013,manu chao
71653014,manu chao
71653019,manu chao
71653022,manu chao
71653025,manu chao
71653026,manu chao
4217748,tiesto
4217750,tiesto
4217754,tiesto
4217755,tiesto
4217757,tiesto
4217758,tiesto
7767191,tiesto
7767197,tiesto
7767198,tiesto
7767203,tiesto
10286960,tiesto
10286961,tiesto
10286962,tiesto
10286963,tiesto
10286964,tiesto
10286966,tiesto
13840362,tiesto
13840363,tiesto
13840364,tiesto
13840365,tiesto
13840367,tiesto
13840369,tiesto
13840370,tiesto
13840371,tiesto
13840372,tiesto
13840373,tiesto
13840411,tiesto
13840412,tiesto
13840416,tiesto
13840418,tiesto
13840423,tiesto
13840427,tiesto
13840428,tiesto
13840430,tiesto
13840432,tiesto
13840433,tiesto
17701164,tiesto
17701167,tiesto
17701168,tiesto
17701169,tiesto
17701170,tiesto
17701171,tiesto
17701173,tiesto
17701174,tiesto
17701175,tiesto
17701178,tiesto
116964888,tiesto
116964894,tiesto
116964896,tiesto
116964900,tiesto
116964908,tiesto
116964916,tiesto
116964918,tiesto
116964936,tiesto
4604612,vanessa da mata
4604616,vanessa da mata
4604617,vanessa da mata
4604618,vanessa da mata
4604620,vanessa da mata
4604621,vanessa da mata
4604622,vanessa da mata
4604623,vanessa da mata
4604625,vanessa da mata
6032972,vanessa da mata
7453623,vanessa da mata
7453625,vanessa da mata
7453626,vanessa da mata
7453627,vanessa da mata
7453628,vanessa da mata
7453629,vanessa da mata
7453630,vanessa da mata
7453632,vanessa da mata
7453633,vanessa da mata
7453634,vanessa da mata
13241989,vanessa da mata
13241991,vanessa da mata
13241992,vanessa da mata
13241994,vanessa da mata
13241995,vanessa da mata
13241996,vanessa da mata
13241997,vanessa da mata
13241998,vanessa da mata
13242000,vanessa da mata
13242001,vanessa da mata
67795419,vanessa da mata
67795426,vanessa da mata
67795427,vanessa da mata
67795428,vanessa da mata
67795429,vanessa da mata
67795430,vanessa da mata
67795431,vanessa da mata
67795434,vanessa da mata
67795435,vanessa da mata
67795436,vanessa da mata
75644921,vanessa da mata
75644922,vanessa da mata
75644923,vanessa da mata
75644925,vanessa da mata
75644926,vanessa da mata
75644928,vanessa da mata
75644929,vanessa da mata
75644930,vanessa da mata
75644932,vanessa da mata
75644934,vanessa da mata
4624586,oxmo puccino
4624589,oxmo puccino
4624591,oxmo puccino
4624592,oxmo puccino
4624594,oxmo puccino
4624595,oxmo puccino
4624596,oxmo puccino
4624597,oxmo puccino
4624598,oxmo puccino
143290394,oxmo puccino
143290396,oxmo puccino
143290398,oxmo puccino
143290400,oxmo puccino
143290402,oxmo puccino
143290404,oxmo puccino
143290410,oxmo puccino
143290412,oxmo puccino
143290414,oxmo puccino
143290416,oxmo puccino
365911741,oxmo puccino
365911751,oxmo puccino
365911771,oxmo puccino
365911781,oxmo puccino
365911791,oxmo puccino
365911811,oxmo puccino
365911821,oxmo puccino
365911831,oxmo puccino
365911841,oxmo puccino
365911861,oxmo puccino
365912021,oxmo puccino
365912051,oxmo puccino
365912061,oxmo puccino
365912071,oxmo puccino
365912081,oxmo puccino
365912121,oxmo puccino
365912151,oxmo puccino
365912201,oxmo puccino
365912211,oxmo puccino
365912221,oxmo puccino
365913531,oxmo puccino
365913541,oxmo puccino
365913551,oxmo puccino
365913561,oxmo puccino
365913571,oxmo puccino
365913601,oxmo puccino
365913611,oxmo puccino
365913631,oxmo puccino
365913641,oxmo puccino
365913651,oxmo puccino
365913941,oxmo puccino
365913961,oxmo puccino
365913981,oxmo puccino
365913991,oxmo puccino
365914051,oxmo puccino
365914081,oxmo puccino
365914091,oxmo puccino
365914111,oxmo puccino
4675052,planta e raiz
4675055,planta e raiz
4675056,planta e raiz
4675057,planta e raiz
4675058,planta e raiz
4675059,planta e raiz
4675060,planta e raiz
4675061,planta e raiz
4675063,planta e raiz
4675065,planta e raiz
13654349,planta e raiz
13654350,planta e raiz
13654351,planta e raiz
13654352,planta e raiz
13654355,planta e raiz
13654358,planta e raiz
13654359,planta e raiz
13654360,planta e raiz
13654361,planta e raiz
13654362,planta e raiz
71317454,planta e raiz
71317455,planta e raiz
71317456,planta e raiz
71317457,planta e raiz
71317458,planta e raiz
71317459,planta e raiz
71317461,planta e raiz
71317462,planta e raiz
71514811,planta e raiz
71514814,planta e raiz
71514816,planta e raiz
71514818,planta e raiz
71514820,planta e raiz
71514822,planta e raiz
71514824,planta e raiz
71514826,planta e raiz
71514828,planta e raiz
99256224,planta e raiz
99256226,planta e raiz
99256228,planta e raiz
99256230,planta e raiz
99256232,planta e raiz
99256234,planta e raiz
99256244,planta e raiz
99256250,planta e raiz
99256252,planta e raiz
99256256,planta e raiz
114373108,planta e raiz
114373110,planta e raiz
114373112,planta e raiz
114373114,planta e raiz
114373116,planta e raiz
114373118,planta e raiz
114373122,planta e raiz
385727491,planta e raiz
385727511,planta e raiz
385727531,planta e raiz
385727541,planta e raiz
385727551,planta e raiz
385727561,planta e raiz
385727571,planta e raiz
385727581,planta e raiz
385727591,planta e raiz
385727601,planta e raiz
5277423,camila
5277424,camila
5277425,camila
5277427,camila
5277428,camila
5277429,camila
5277430,camila
5277431,camila
5277432,camila
5277433,camila
9793334,camila
9793342,camila
9793343,camila
9793344,camila
9793345,camila
77434020,camila
77434021,camila
77434023,camila
77434024,camila
77434025,camila
77434027,camila
77434028,camila
77434029,camila
77434030,camila
77434031,camila
127569915,camila
127569917,camila
127569919,camila
127569921,camila
127569923,camila
7856458,queen
7856459,queen
7856464,queen
7856466,queen
7856467,queen
7856469,queen
7856471,queen
7856474,queen
7856479,queen
7856481,queen
9996978,queen
9996979,queen
9996980,queen
9996981,queen
9996983,queen
9996984,queen
9996986,queen
9996987,queen
9996988,queen
10014284,queen
10014285,queen
10014286,queen
10014287,queen
10014288,queen
10014289,queen
10014290,queen
10014291,queen
10014292,queen
10014293,queen
12274743,queen
12274744,queen
12274745,queen
12274746,queen
12274747,queen
12274748,queen
12274750,queen
12274751,queen
12274752,queen
12274753,queen
13459054,queen
13459055,queen
13459057,queen
13459060,queen
13459061,queen
13459062,queen
13459063,queen
13499024,queen
13499027,queen
13499028,queen
13499029,queen
13499030,queen
13499031,queen
13499034,queen
13499035,queen
13499036,queen
13499037,queen
15928222,queen
15928224,queen
15928226,queen
15928227,queen
15928228,queen
15928230,queen
15928232,queen
15928234,queen
15928235,queen
15928238,queen
135369842,queen
135369854,queen
135369858,queen
135369860,queen
135369866,queen
135369870,queen
135369878,queen
135369880,queen
135369882,queen
135369884,queen
8112325,ricky martin
8112326,ricky martin
8112327,ricky martin
8112328,ricky martin
8112330,ricky martin
8112332,ricky martin
8112333,ricky martin
8112334,ricky martin
8112335,ricky martin
8112355,ricky martin
13204903,ricky martin
13204905,ricky martin
13204906,ricky martin
13204907,ricky martin
13204908,ricky martin
13204910,ricky martin
13204912,ricky martin
13204913,ricky martin
13204914,ricky martin
14881487,ricky martin
14881488,ricky martin
14881494,ricky martin
14881495,ricky martin
14881496,ricky martin
14881497,ricky martin
14881498,ricky martin
14881499,ricky martin
14881500,ricky martin
14881504,ricky martin
15214690,ricky martin
15214691,ricky martin
15214692,ricky martin
15214693,ricky martin
15214694,ricky martin
15214695,ricky martin
15214696,ricky martin
15214697,ricky martin
15214698,ricky martin
15214699,ricky martin
15215293,ricky martin
15215294,ricky martin
15215296,ricky martin
15215297,ricky martin
15215298,ricky martin
15215299,ricky martin
15215300,ricky martin
15215302,ricky martin
15215303,ricky martin
15215304,ricky martin
15349096,ricky martin
15349097,ricky martin
15349098,ricky martin
15349102,ricky martin
15349105,ricky martin
15349109,ricky martin
15349119,ricky martin
15349120,ricky martin
15349121,ricky martin
15349124,ricky martin
94353458,ricky martin
94353460,ricky martin
94353462,ricky martin
94353464,ricky martin
94353466,ricky martin
94353468,ricky martin
94353470,ricky martin
94353472,ricky martin
94353474,ricky martin
94353476,ricky martin
99198734,ricky martin
99198736,ricky martin
99198738,ricky martin
99198744,ricky martin
99198748,ricky martin
99198750,ricky martin
99198752,ricky martin
99198754,ricky martin
99198756,ricky martin
99198758,ricky martin
8112356,george michael
8112357,george michael
8112358,george michael
8112359,george michael
8112360,george michael
8112362,george michael
8112363,george michael
8112364,george michael
8112365,george michael
8112366,george michael
8112381,george michael
8112382,george michael
8112383,george michael
8112384,george michael
8112385,george michael
8112386,george michael
8112387,george michael
8112388,george michael
8112389,george michael
8112390,george michael
8146779,george michael
8146780,george michael
8146781,george michael
8146782,george michael
8146784,george michael
8146786,george michael
8146787,george michael
8146788,george michael
9809718,george michael
9809720,george michael
9809724,george michael
9809725,george michael
9809727,george michael
9809728,george michael
9809729,george michael
9809730,george michael
9809731,george michael
9809732,george michael
15100527,george michael
15100528,george michael
15100529,george michael
15100530,george michael
16401969,george michael
16401970,george michael
16401971,george michael
16401972,george michael
16401973,george michael
16401974,george michael
16401975,george michael
16401976,george michael
16401977,george michael
16401978,george michael
75920502,george michael
75920506,george michael
75920507,george michael
75920508,george michael
75920509,george michael
75920510,george michael
75920511,george michael
75920515,george michael
75920516,george michael
75920517,george michael
10245648,magic system
10245650,magic system
10245652,magic system
10245654,magic system
10245655,magic system
10245656,magic system
10245658,magic system
10245659,magic system
10245660,magic system
10245662,magic system
14458776,magic system
14458779,magic system
14458781,magic system
14458782,magic system
14458783,magic system
14458784,magic system
14458786,magic system
14458787,magic system
14458788,magic system
14458790,magic system
101613285,magic system
101613287,magic system
101613291,magic system
101613293,magic system
101613295,magic system
101613297,magic system
101613299,magic system
101613301,magic system
101613305,magic system
101613307,magic system
370959581,magic system
370959591,magic system
370959621,magic system
370959631,magic system
370959641,magic system
370959651,magic system
370959661,magic system
370959671,magic system
370959681,magic system
370959701,magic system
11098887,luan santana
11098889,luan santana
11098890,luan santana
11098892,luan santana
11098893,luan santana
11098896,luan santana
11098897,luan santana
11098899,luan santana
11098900,luan santana
11098901,luan santana
17572461,luan santana
17572462,luan santana
17572464,luan santana
17572465,luan santana
17572466,luan santana
17572472,luan santana
17572473,luan santana
17572474,luan santana
17572475,luan santana
17572477,luan santana
99339552,luan santana
99339554,luan santana
99339558,luan santana
99339568,luan santana
99339570,luan santana
99339572,luan santana
99339576,luan santana
99339580,luan santana
99339582,luan santana
99339586,luan santana
101137660,luan santana
101137662,luan santana
101137668,luan santana
101137670,luan santana
101137672,luan santana
101137678,luan santana
101137680,luan santana
101137682,luan santana
101137686,luan santana
101137694,luan santana
11577192,elvis presley
11577193,elvis presley
11577194,elvis presley
11577195,elvis presley
11577196,elvis presley
11577197,elvis presley
11577198,elvis presley
11577200,elvis presley
11577201,elvis presley
66814792,elvis presley
66814795,elvis presley
66814798,elvis presley
66814807,elvis presley
66814808,elvis presley
66814814,elvis presley
66814815,elvis presley
66814819,elvis presley
66814823,elvis presley
66814850,elvis presley
70318379,elvis presley
70318380,elvis presley
70318381,elvis presley
70318384,elvis presley
70318385,elvis presley
70318387,elvis presley
70318390,elvis presley
70318391,elvis presley
70318392,elvis presley
70318393,elvis presley
71531148,elvis presley
71531149,elvis presley
71531152,elvis presley
71531153,elvis presley
71531157,elvis presley
71531159,elvis presley
71531160,elvis presley
71531161,elvis presley
71531164,elvis presley
71531165,elvis presley
115719306,elvis presley
115719308,elvis presley
115719310,elvis presley
115719312,elvis presley
115719314,elvis presley
115719316,elvis presley
115719318,elvis presley
115719320,elvis presley
145443444,elvis presley
145443446,elvis presley
145443448,elvis presley
145443450,elvis presley
145443452,elvis presley
145443454,elvis presley
145443458,elvis presley
145443460,elvis presley
145443464,elvis presley
145443466,elvis presley
371891301,elvis presley
371891311,elvis presley
371891341,elvis presley
371891351,elvis presley
371891371,elvis presley
371891421,elvis presley
371891431,elvis presley
371891441,elvis presley
371891461,elvis presley
371891471,elvis presley
395706052,elvis presley
395706062,elvis presley
395706072,elvis presley
395706082,elvis presley
395706092,elvis presley
395706102,elvis presley
395706112,elvis presley
395706122,elvis presley
395706132,elvis presley
395706142,elvis presley
11670685,camille
11670686,camille
11670688,camille
11670689,camille
11670690,camille
11670691,camille
11670692,camille
115107524,camille
115107526,camille
115107528,camille
115107530,camille
115107532,camille
115107534,camille
115107536,camille
115107538,camille
115107540,camille
115107542,camille
355170161,camille
355170171,camille
355170191,camille
355170201,camille
355170211,camille
355170221,camille
355170231,camille
355170241,camille
355170251,camille
355170261,camille
355172621,camille
355172641,camille
355172661,camille
355172711,camille
355172721,camille
355172731,camille
355172751,camille
355172761,camille
355172771,camille
355172801,camille
355182591,camille
355182601,camille
355182611,camille
355182621,camille
355182671,camille
355182681,camille
355182731,camille
355182751,camille
355182761,camille
355183761,camille
355183801,camille
355183821,camille
355183851,camille
355183861,camille
355183891,camille
355183901,camille
355183941,camille
355183981,camille
355184141,camille
355184151,camille
355184161,camille
355184171,camille
355184181,camille
364702471,camille
364702481,camille
364702491,camille
364702501,camille
364702511,camille
364702521,camille
364702531,camille
364702541,camille
364702551,camille
364702561,camille
11744013,la rue ketanou
11744014,la rue ketanou
11744015,la rue ketanou
11744016,la rue ketanou
11744017,la rue ketanou
11744018,la rue ketanou
11744019,la rue ketanou
11744020,la rue ketanou
11744021,la rue ketanou
11744022,la rue ketanou
15839651,la rue ketanou
15839652,la rue ketanou
15839654,la rue ketanou
15839656,la rue ketanou
15839657,la rue ketanou
15839660,la rue ketanou
15839663,la rue ketanou
15839665,la rue ketanou
15839675,la rue ketanou
15839685,la rue ketanou
37149961,la rue ketanou
37149971,la rue ketanou
37149981,la rue ketanou
37150001,la rue ketanou
37150021,la rue ketanou
37150031,la rue ketanou
37150051,la rue ketanou
37150061,la rue ketanou
37150081,la rue ketanou
37150091,la rue ketanou
73101413,la rue ketanou
73101415,la rue ketanou
73101417,la rue ketanou
73101418,la rue ketanou
73101419,la rue ketanou
73101420,la rue ketanou
73101421,la rue ketanou
73101422,la rue ketanou
73101423,la rue ketanou
73101425,la rue ketanou
13272480,bronco
13272481,bronco
13272483,bronco
13272484,bronco
13272485,bronco
13272486,bronco
13272487,bronco
13272488,bronco
13272489,bronco
13272490,bronco
13273578,bronco
13273579,bronco
13273581,bronco
13273582,bronco
13273583,bronco
13273584,bronco
13273585,bronco
13273586,bronco
13273587,bronco
13273588,bronco
13274587,bronco
13274588,bronco
13274589,bronco
13274590,bronco
13274591,bronco
13274594,bronco
13274595,bronco
13274596,bronco
13308084,bronco
13308085,bronco
13274642,bronco
13274643,bronco
13274644,bronco
13274646,bronco
13274648,bronco
13274649,bronco
13274650,bronco
13274651,bronco
13274652,bronco
13274653,bronco
115712128,bronco
115712130,bronco
115712132,bronco
115712134,bronco
115712136,bronco
115712138,bronco
115712140,bronco
115712142,bronco
115712144,bronco
115712146,bronco
116020990,bronco
116020992,bronco
116020994,bronco
116020996,bronco
116020998,bronco
116021002,bronco
116021010,bronco
116021016,bronco
116021018,bronco
116021020,bronco
120471226,bronco
120471228,bronco
120471230,bronco
120471232,bronco
120471234,bronco
120471236,bronco
120471238,bronco
120471240,bronco
120471242,bronco
137326606,bronco
137326608,bronco
137326610,bronco
137326612,bronco
137326614,bronco
137326616,bronco
137326618,bronco
137326620,bronco
137326622,bronco
15515452,banda sinaloense ms de sergio lizarraga
15515453,banda sinaloense ms de sergio lizarraga
15515455,banda sinaloense ms de sergio lizarraga
15515458,banda sinaloense ms de sergio lizarraga
15515460,banda sinaloense ms de sergio lizarraga
15515461,banda sinaloense ms de sergio lizarraga
15515463,banda sinaloense ms de sergio lizarraga
15515464,banda sinaloense ms de sergio lizarraga
15515465,banda sinaloense ms de sergio lizarraga
15515466,banda sinaloense ms de sergio lizarraga
61731042,banda sinaloense ms de sergio lizarraga
61731043,banda sinaloense ms de sergio lizarraga
61731045,banda sinaloense ms de sergio lizarraga
61731049,banda sinaloense ms de sergio lizarraga
61731050,banda sinaloense ms de sergio lizarraga
124891784,banda sinaloense ms de sergio lizarraga
124891790,banda sinaloense ms de sergio lizarraga
124891792,banda sinaloense ms de sergio lizarraga
124891794,banda sinaloense ms de sergio lizarraga
124891796,banda sinaloense ms de sergio lizarraga
124891798,banda sinaloense ms de sergio lizarraga
124891802,banda sinaloense ms de sergio lizarraga
124891804,banda sinaloense ms de sergio lizarraga
124891810,banda sinaloense ms de sergio lizarraga
124891818,banda sinaloense ms de sergio lizarraga
132304724,banda sinaloense ms de sergio lizarraga
132304726,banda sinaloense ms de sergio lizarraga
132304728,banda sinaloense ms de sergio lizarraga
132304732,banda sinaloense ms de sergio lizarraga
132304734,banda sinaloense ms de sergio lizarraga
132304736,banda sinaloense ms de sergio lizarraga
132304738,banda sinaloense ms de sergio lizarraga
132304740,banda sinaloense ms de sergio lizarraga
132304742,banda sinaloense ms de sergio lizarraga
132304744,banda sinaloense ms de sergio lizarraga
135372126,banda sinaloense ms de sergio lizarraga
135372132,banda sinaloense ms de sergio lizarraga
135372138,banda sinaloense ms de sergio lizarraga
135372140,banda sinaloense ms de sergio lizarraga
135372146,banda sinaloense ms de sergio lizarraga
135372148,banda sinaloense ms de sergio lizarraga
137417882,banda sinaloense ms de sergio lizarraga
137417884,banda sinaloense ms de sergio lizarraga
137417890,banda sinaloense ms de sergio lizarraga
137417892,banda sinaloense ms de sergio lizarraga
137417894,banda sinaloense ms de sergio lizarraga
356518611,banda sinaloense ms de sergio lizarraga
356518621,banda sinaloense ms de sergio lizarraga
356518631,banda sinaloense ms de sergio lizarraga
356518641,banda sinaloense ms de sergio lizarraga
356518671,banda sinaloense ms de sergio lizarraga
356518681,banda sinaloense ms de sergio lizarraga
356518701,banda sinaloense ms de sergio lizarraga
356518711,banda sinaloense ms de sergio lizarraga
356518721,banda sinaloense ms de sergio lizarraga
356518731,banda sinaloense ms de sergio lizarraga
356553501,banda sinaloense ms de sergio lizarraga
356553511,banda sinaloense ms de sergio lizarraga
356553531,banda sinaloense ms de sergio lizarraga
356553541,banda sinaloense ms de sergio lizarraga
356553551,banda sinaloense ms de sergio lizarraga
356553561,banda sinaloense ms de sergio lizarraga
356553571,banda sinaloense ms de sergio lizarraga
356553591,banda sinaloense ms de sergio lizarraga
356553601,banda sinaloense ms de sergio lizarraga
356553651,banda sinaloense ms de sergio lizarraga
16339496,bash
16339497,bash
16339498,bash
16339499,bash
16339500,bash
16339501,bash
16339502,bash
16339503,bash
16339504,bash
16339505,bash
69237861,bash
69237862,bash
69237863,bash
69237864,bash
69237865,bash
69237866,bash
69237867,bash
69237868,bash
69237869,bash
103202236,bash
103202238,bash
103202240,bash
103202242,bash
103202244,bash
103202246,bash
103202248,bash
103202250,bash
103202252,bash
103202254,bash
123360556,bash
123360558,bash
123360560,bash
123360564,bash
123360566,bash
123360570,bash
123360572,bash
123360574,bash
123360576,bash
123360580,bash
16550051,benjamin biolay
16550052,benjamin biolay
16550056,benjamin biolay
16550057,benjamin biolay
16550058,benjamin biolay
16550059,benjamin biolay
16550060,benjamin biolay
16550061,benjamin biolay
16550062,benjamin biolay
16550063,benjamin biolay
92029826,benjamin biolay
92029828,benjamin biolay
92029834,benjamin biolay
92029836,benjamin biolay
92029838,benjamin biolay
92029842,benjamin biolay
92029846,benjamin biolay
92029848,benjamin biolay
92029850,benjamin biolay
92328578,benjamin biolay
92328580,benjamin biolay
92328582,benjamin biolay
92328584,benjamin biolay
92328586,benjamin biolay
92328590,benjamin biolay
92328598,benjamin biolay
92328600,benjamin biolay
92328602,benjamin biolay
92328606,benjamin biolay
92366738,benjamin biolay
92366740,benjamin biolay
92366742,benjamin biolay
92366752,benjamin biolay
92366754,benjamin biolay
92366756,benjamin biolay
92366758,benjamin biolay
92366764,benjamin biolay
92366778,benjamin biolay
92366786,benjamin biolay
36356431,gojira
36356451,gojira
36356461,gojira
36356471,gojira
36356481,gojira
36356491,gojira
36356501,gojira
36356511,gojira
36356521,gojira
36356531,gojira
103039800,gojira
103039802,gojira
103039806,gojira
103039808,gojira
103039810,gojira
103039812,gojira
103039814,gojira
103039816,gojira
103039818,gojira
103039820,gojira
126338361,gojira
126338363,gojira
126338365,gojira
126338367,gojira
126338371,gojira
126338373,gojira
126338375,gojira
126338377,gojira
126338379,gojira
129831010,gojira
129831012,gojira
129831014,gojira
129831018,gojira
129831022,gojira
129831026,gojira
129831028,gojira
129831030,gojira
129831034,gojira
135368342,gojira
135368348,gojira
135368352,gojira
135368356,gojira
135368358,gojira
135368366,gojira
135368372,gojira
135368374,gojira
135368376,gojira
135368382,gojira
57729921,david carreira
57729941,david carreira
57729961,david carreira
57729971,david carreira
57729991,david carreira
57730001,david carreira
57730011,david carreira
57730021,david carreira
57730031,david carreira
57730051,david carreira
72405254,david carreira
72405255,david carreira
72405256,david carreira
72405258,david carreira
72405259,david carreira
72405260,david carreira
72405261,david carreira
72405262,david carreira
72405263,david carreira
72405264,david carreira
82644472,david carreira
82644474,david carreira
82644476,david carreira
82644478,david carreira
82644480,david carreira
82644486,david carreira
82644488,david carreira
82644490,david carreira
82644492,david carreira
82644494,david carreira
126609225,david carreira
126609227,david carreira
126609229,david carreira
126609231,david carreira
126609239,david carreira
126609245,david carreira
126609247,david carreira
126609249,david carreira
126609251,david carreira
354497621,david carreira
354497631,david carreira
354497641,david carreira
354497651,david carreira
354497661,david carreira
354497681,david carreira
354497691,david carreira
354497701,david carreira
354497711,david carreira
354497731,david carreira
60904286,moby
60904287,moby
60904288,moby
60904289,moby
60904291,moby
60904292,moby
60904293,moby
60904294,moby
124127398,moby
124127400,moby
124127402,moby
124127404,moby
124127406,moby
124127408,moby
143032034,moby
143032036,moby
143032038,moby
143032040,moby
143032044,moby
143032048,moby
143032050,moby
143032052,moby
143032054,moby
143032056,moby
143032648,moby
143032652,moby
143032664,moby
143032666,moby
143032670,moby
143032674,moby
143032676,moby
143032678,moby
143032680,moby
143032682,moby
143040828,moby
143040832,moby
143040834,moby
143040836,moby
143040840,moby
143040856,moby
143040860,moby
143040862,moby
143040868,moby
143066492,moby
143066496,moby
143066498,moby
143066502,moby
143066504,moby
143066506,moby
143066508,moby
143066510,moby
143066514,moby
143066516,moby
143066560,moby
143066562,moby
143066564,moby
143066568,moby
143066572,moby
143066574,moby
143066576,moby
143066578,moby
143066582,moby
143066584,moby
66674552,juan luis guerra
66674553,juan luis guerra
66674555,juan luis guerra
66674556,juan luis guerra
66674558,juan luis guerra
66674559,juan luis guerra
66674560,juan luis guerra
66674562,juan luis guerra
66674563,juan luis guerra
66674564,juan luis guerra
368786201,juan luis guerra
368786211,juan luis guerra
368786221,juan luis guerra
368786231,juan luis guerra
368786241,juan luis guerra
368786251,juan luis guerra
368786261,juan luis guerra
368786271,juan luis guerra
369357211,juan luis guerra
369357221,juan luis guerra
369357231,juan luis guerra
369357241,juan luis guerra
369357251,juan luis guerra
369357261,juan luis guerra
369357271,juan luis guerra
68243110,lartiste
68243112,lartiste
68243113,lartiste
68243114,lartiste
68243116,lartiste
68243117,lartiste
68243118,lartiste
68243119,lartiste
68243120,lartiste
68243121,lartiste
120359028,lartiste
120359032,lartiste
120359034,lartiste
120359040,lartiste
120359042,lartiste
120359046,lartiste
120359048,lartiste
120359050,lartiste
120359052,lartiste
120359054,lartiste
69250979,alex zurdo
69250981,alex zurdo
69250982,alex zurdo
69250983,alex zurdo
69250984,alex zurdo
69250985,alex zurdo
69250986,alex zurdo
69250990,alex zurdo
69250991,alex zurdo
69250992,alex zurdo
69261915,alex zurdo
69261916,alex zurdo
69261918,alex zurdo
69261919,alex zurdo
69261920,alex zurdo
69261922,alex zurdo
69261925,alex zurdo
69261926,alex zurdo
69261927,alex zurdo
69261929,alex zurdo
363526191,alex zurdo
363526211,alex zurdo
363526221,alex zurdo
363526251,alex zurdo
363526291,alex zurdo
368125311,alex zurdo
368125321,alex zurdo
368125331,alex zurdo
368125341,alex zurdo
368125361,alex zurdo
368125371,alex zurdo
368125381,alex zurdo
368125401,alex zurdo
368125411,alex zurdo
377350161,alex zurdo
377350181,alex zurdo
377350191,alex zurdo
377350211,alex zurdo
377350221,alex zurdo
377350231,alex zurdo
377350241,alex zurdo
377350251,alex zurdo
377350291,alex zurdo
377350311,alex zurdo
69744087,rosa de saron
69744088,rosa de saron
69744089,rosa de saron
69744090,rosa de saron
69744091,rosa de saron
69744092,rosa de saron
69744094,rosa de saron
69744097,rosa de saron
69744099,rosa de saron
69744101,rosa de saron
78469881,rosa de saron
78469882,rosa de saron
78469883,rosa de saron
78469886,rosa de saron
78469887,rosa de saron
78469888,rosa de saron
78469889,rosa de saron
78469890,rosa de saron
78469891,rosa de saron
78469894,rosa de saron
79506606,rosa de saron
79506608,rosa de saron
79506612,rosa de saron
79506614,rosa de saron
79506616,rosa de saron
79506620,rosa de saron
79506624,rosa de saron
79506628,rosa de saron
79506636,rosa de saron
79506640,rosa de saron
84200291,rosa de saron
84200293,rosa de saron
84200295,rosa de saron
84200297,rosa de saron
84200299,rosa de saron
84200301,rosa de saron
84200303,rosa de saron
84200305,rosa de saron
84200307,rosa de saron
84200309,rosa de saron
84200505,rosa de saron
84200511,rosa de saron
84200513,rosa de saron
84200515,rosa de saron
84200517,rosa de saron
84200519,rosa de saron
84200521,rosa de saron
84200523,rosa de saron
84200525,rosa de saron
84200527,rosa de saron
84267255,rosa de saron
84267259,rosa de saron
84267263,rosa de saron
84267267,rosa de saron
84267269,rosa de saron
84267271,rosa de saron
84267273,rosa de saron
84267277,rosa de saron
84267279,rosa de saron
84267281,rosa de saron
118149414,rosa de saron
118149416,rosa de saron
118149418,rosa de saron
118149420,rosa de saron
118149424,rosa de saron
118149426,rosa de saron
118149428,rosa de saron
118149430,rosa de saron
118149432,rosa de saron
118149436,rosa de saron
136359048,rosa de saron
136359050,rosa de saron
136359052,rosa de saron
136359054,rosa de saron
136359056,rosa de saron
136359058,rosa de saron
136359060,rosa de saron
136359062,rosa de saron
136359064,rosa de saron
136359066,rosa de saron
71711925,carlos vives
71711926,carlos vives
71711927,carlos vives
71711928,carlos vives
71711929,carlos vives
71711930,carlos vives
71711931,carlos vives
71711932,carlos vives
71711933,carlos vives
71711934,carlos vives
71731737,carlos vives
71731738,carlos vives
71731739,carlos vives
71731740,carlos vives
71731742,carlos vives
71731743,carlos vives
71731744,carlos vives
71731746,carlos vives
71731747,carlos vives
71731749,carlos vives
71731753,carlos vives
71731755,carlos vives
71731757,carlos vives
71731759,carlos vives
71731760,carlos vives
71731761,carlos vives
71731762,carlos vives
71731764,carlos vives
71731765,carlos vives
71731766,carlos vives
104544914,carlos vives
104544918,carlos vives
104544920,carlos vives
104544924,carlos vives
104544926,carlos vives
104544928,carlos vives
104544932,carlos vives
104544934,carlos vives
104544938,carlos vives
104544942,carlos vives
137728947,carlos vives
137728955,carlos vives
137728963,carlos vives
137728969,carlos vives
137728973,carlos vives
137728977,carlos vives
137728981,carlos vives
137728989,carlos vives
137728993,carlos vives
137728997,carlos vives
76161483,aretha franklin
76161484,aretha franklin
76161491,aretha franklin
76161492,aretha franklin
76161498,aretha franklin
78230474,aretha franklin
78230478,aretha franklin
78230479,aretha franklin
78230481,aretha franklin
78230482,aretha franklin
84128441,aretha franklin
84128445,aretha franklin
84128449,aretha franklin
84128451,aretha franklin
84128453,aretha franklin
84128457,aretha franklin
84128459,aretha franklin
84128461,aretha franklin
84128463,aretha franklin
90074237,aretha franklin
90074239,aretha franklin
90074241,aretha franklin
90074245,aretha franklin
90074247,aretha franklin
90074253,aretha franklin
114402644,aretha franklin
114402646,aretha franklin
114402648,aretha franklin
114402650,aretha franklin
114402652,aretha franklin
114402654,aretha franklin
114402656,aretha franklin
114402658,aretha franklin
114402660,aretha franklin
127101995,aretha franklin
127101997,aretha franklin
127101999,aretha franklin
127102001,aretha franklin
127102003,aretha franklin
127102007,aretha franklin
127102009,aretha franklin
127102013,aretha franklin
127102015,aretha franklin
127102017,aretha franklin
80448746,lucas lucco
80448748,lucas lucco
80448756,lucas lucco
80448760,lucas lucco
80448780,lucas lucco
80448796,lucas lucco
80448800,lucas lucco
93415820,lucas lucco
93415822,lucas lucco
93415828,lucas lucco
93415830,lucas lucco
93415836,lucas lucco
93415842,lucas lucco
93415846,lucas lucco
93415848,lucas lucco
93415852,lucas lucco
93415856,lucas lucco
113948688,lucas lucco
113948690,lucas lucco
113948694,lucas lucco
113948696,lucas lucco
113948698,lucas lucco
113948700,lucas lucco
113948708,lucas lucco
113948710,lucas lucco
113948714,lucas lucco
113948716,lucas lucco
144942364,lucas lucco
144942366,lucas lucco
144942368,lucas lucco
144942370,lucas lucco
144942372,lucas lucco
92719900,ac/dc
92719902,ac/dc
92719904,ac/dc
92719906,ac/dc
92719908,ac/dc
92719910,ac/dc
92719912,ac/dc
92719914,ac/dc
92719916,ac/dc
92719918,ac/dc
92719940,ac/dc
92719942,ac/dc
92719944,ac/dc
92719946,ac/dc
92719948,ac/dc
92719950,ac/dc
92719952,ac/dc
92719954,ac/dc
92719956,ac/dc
92719958,ac/dc
92719998,ac/dc
92720000,ac/dc
92720002,ac/dc
92720004,ac/dc
92720006,ac/dc
92720008,ac/dc
92720010,ac/dc
92720012,ac/dc
92720014,ac/dc
92720102,ac/dc
92720104,ac/dc
92720106,ac/dc
92720108,ac/dc
92720110,ac/dc
92720114,ac/dc
92720116,ac/dc
92720120,ac/dc
92720122,ac/dc
92720124,ac/dc
92720184,ac/dc
92720192,ac/dc
92720194,ac/dc
92720198,ac/dc
92720204,ac/dc
92720206,ac/dc
92720208,ac/dc
92720212,ac/dc
92720214,ac/dc
92720220,ac/dc
92722966,ac/dc
92722968,ac/dc
92722970,ac/dc
92722972,ac/dc
92722974,ac/dc
92722976,ac/dc
92722978,ac/dc
92722980,ac/dc
109377272,ac/dc
109377274,ac/dc
109377276,ac/dc
109377280,ac/dc
109377282,ac/dc
109377284,ac/dc
111542230,ac/dc
111542232,ac/dc
111542234,ac/dc
111542236,ac/dc
111542240,ac/dc
111542242,ac/dc
111542244,ac/dc
111542246,ac/dc
112225028,joey bada$$
112225030,joey bada$$
112225036,joey bada$$
112225038,joey bada$$
112225040,joey bada$$
112225042,joey bada$$
112225048,joey bada$$
112225050,joey bada$$
145590472,joey bada$$
145590474,joey bada$$
145590476,joey bada$$
145590478,joey bada$$
145590480,joey bada$$
145590482,joey bada$$
145590484,joey bada$$
145590486,joey bada$$
145590488,joey bada$$
145590490,joey bada$$
145590558,joey bada$$
145590560,joey bada$$
145590562,joey bada$$
145590566,joey bada$$
145590578,joey bada$$
122651104,kekra
122651106,kekra
122651110,kekra
122651112,kekra
122651114,kekra
122651116,kekra
122651120,kekra
122651122,kekra
122651124,kekra
122651126,kekra
123598830,kekra
123598832,kekra
123598836,kekra
123598838,kekra
123598840,kekra
123598842,kekra
123598846,kekra
123598848,kekra
123598850,kekra
123598854,kekra
137098152,kekra
137098154,kekra
137098156,kekra
137098158,kekra
137098160,kekra
137098162,kekra
137098164,kekra
137098166,kekra
137098168,kekra
137098170,kekra
122989130,mastruz com leite
122989142,mastruz com leite
122989146,mastruz com leite
122989148,mastruz com leite
122989150,mastruz com leite
122989152,mastruz com leite
122989156,mastruz com leite
122989160,mastruz com leite
122989164,mastruz com leite
122989168,mastruz com leite
123069458,mastruz com leite
123069460,mastruz com leite
123069462,mastruz com leite
123069464,mastruz com leite
123069468,mastruz com leite
123069470,mastruz com leite
123069472,mastruz com leite
123069478,mastruz com leite
123069482,mastruz com leite
123069484,mastruz com leite
123282912,mastruz com leite
123282914,mastruz com leite
123282922,mastruz com leite
123282924,mastruz com leite
123282928,mastruz com leite
123282932,mastruz com leite
123282936,mastruz com leite
123282944,mastruz com leite
123282946,mastruz com leite
123282948,mastruz com leite
123467234,mastruz com leite
123467236,mastruz com leite
123467240,mastruz com leite
123467242,mastruz com leite
123467244,mastruz com leite
123467250,mastruz com leite
123467252,mastruz com leite
123467254,mastruz com leite
123467256,mastruz com leite
123467266,mastruz com leite
125274764,mastruz com leite
125274770,mastruz com leite
125274774,mastruz com leite
125274776,mastruz com leite
125274778,mastruz com leite
125274780,mastruz com leite
125274782,mastruz com leite
125274788,mastruz com leite
125274792,mastruz com leite
125274794,mastruz com leite
125839905,mastruz com leite
125839907,mastruz com leite
125839909,mastruz com leite
125839911,mastruz com leite
125839913,mastruz com leite
125839915,mastruz com leite
125839917,mastruz com leite
125839919,mastruz com leite
125839927,mastruz com leite
125839929,mastruz com leite
128238725,mastruz com leite
128238729,mastruz com leite
128238731,mastruz com leite
128238733,mastruz com leite
128238735,mastruz com leite
128238737,mastruz com leite
128238739,mastruz com leite
128238741,mastruz com leite
128238745,mastruz com leite
128238747,mastruz com leite
141763579,mastruz com leite
141763583,mastruz com leite
141763589,mastruz com leite
141763595,mastruz com leite
141763603,mastruz com leite
141763605,mastruz com leite
141763609,mastruz com leite
141763611,mastruz com leite
141763613,mastruz com leite
141763615,mastruz com leite
