dzr_sng_id,artist
546568,System of a Down
546569,System of a Down
546571,System of a Down
546572,System of a Down
546573,System of a Down
546574,System of a Down
546575,System of a Down
546577,System of a Down
546578,System of a Down
561753,System of a Down
559724,System of a Down
559725,System of a Down
559726,System of a Down
559727,System of a Down
559728,System of a Down
559729,System of a Down
559730,System of a Down
559788,System of a Down
559789,System of a Down
559790,System of a Down
627654,System of a Down
627655,System of a Down
627656,System of a Down
627657,System of a Down
627660,System of a Down
627661,System of a Down
627662,System of a Down
627663,System of a Down
627665,System of a Down
627666,System of a Down
859699,System of a Down
859700,System of a Down
859701,System of a Down
859702,System of a Down
865520,System of a Down
865525,System of a Down
4007202,System of a Down
4007203,System of a Down
5884440,System of a Down
5884443,System of a Down
5884444,System of a Down
5884448,System of a Down
5884449,System of a Down
566534,George Michael
566537,George Michael
566539,George Michael
566541,George Michael
566543,George Michael
566553,George Michael
566559,George Michael
566565,George Michael
566567,George Michael
29359931,George Michael
615851,George Michael
615855,George Michael
615860,George Michael
615862,George Michael
615869,George Michael
615871,George Michael
615874,George Michael
615875,George Michael
615881,George Michael
615883,George Michael
8112381,George Michael
8112382,George Michael
8112383,George Michael
8112384,George Michael
8112385,George Michael
8112386,George Michael
8112387,George Michael
8112388,George Michael
8112389,George Michael
8112390,George Michael
8146779,George Michael
8146780,George Michael
8146781,George Michael
8146782,George Michael
8146784,George Michael
8146786,George Michael
8146787,George Michael
8146788,George Michael
9809718,George Michael
9809720,George Michael
9809724,George Michael
9809725,George Michael
9809727,George Michael
9809728,George Michael
9809729,George Michael
9809730,George Michael
9809731,George Michael
9809732,George Michael
16401969,George Michael
16401970,George Michael
16401971,George Michael
16401972,George Michael
16401973,George Michael
16401974,George Michael
16401975,George Michael
16401976,George Michael
16401977,George Michael
16401978,George Michael
75920502,George Michael
75920506,George Michael
75920507,George Michael
75920508,George Michael
75920509,George Michael
75920510,George Michael
75920511,George Michael
75920515,George Michael
75920516,George Michael
75920517,George Michael
717542,Sepultura
717549,Sepultura
717553,Sepultura
717561,Sepultura
717565,Sepultura
717571,Sepultura
717575,Sepultura
717580,Sepultura
717586,Sepultura
717593,Sepultura
805832,Sepultura
805844,Sepultura
805858,Sepultura
805880,Sepultura
805883,Sepultura
805889,Sepultura
805895,Sepultura
805900,Sepultura
805908,Sepultura
805915,Sepultura
2794301,Sepultura
2794302,Sepultura
2794303,Sepultura
2794304,Sepultura
2794305,Sepultura
2794306,Sepultura
2794310,Sepultura
2794311,Sepultura
2794312,Sepultura
2851464,Sepultura
2851465,Sepultura
2851467,Sepultura
2851468,Sepultura
2851469,Sepultura
2851470,Sepultura
2851473,Sepultura
2851476,Sepultura
2851477,Sepultura
2851478,Sepultura
71928481,Sepultura
71928482,Sepultura
71928483,Sepultura
71928484,Sepultura
71928485,Sepultura
71928486,Sepultura
71928487,Sepultura
71928488,Sepultura
71928489,Sepultura
71928490,Sepultura
81934722,Sepultura
81934740,Sepultura
81934744,Sepultura
81934762,Sepultura
81934780,Sepultura
81934800,Sepultura
81934802,Sepultura
81934832,Sepultura
139674503,Sepultura
139674505,Sepultura
139674507,Sepultura
139674509,Sepultura
139674511,Sepultura
139674513,Sepultura
139674515,Sepultura
139674519,Sepultura
139674523,Sepultura
354502261,Sepultura
354502271,Sepultura
354502291,Sepultura
354502301,Sepultura
354502321,Sepultura
354502331,Sepultura
354502341,Sepultura
354502371,Sepultura
354502401,Sepultura
354502421,Sepultura
823250,Alejandro Sanz
823253,Alejandro Sanz
823254,Alejandro Sanz
823255,Alejandro Sanz
823257,Alejandro Sanz
823258,Alejandro Sanz
823260,Alejandro Sanz
823261,Alejandro Sanz
823263,Alejandro Sanz
823264,Alejandro Sanz
3878511,Alejandro Sanz
3878512,Alejandro Sanz
3878513,Alejandro Sanz
3878514,Alejandro Sanz
3878516,Alejandro Sanz
3878517,Alejandro Sanz
3878518,Alejandro Sanz
3878519,Alejandro Sanz
3886461,Alejandro Sanz
3886462,Alejandro Sanz
3886463,Alejandro Sanz
3886464,Alejandro Sanz
3886465,Alejandro Sanz
3886466,Alejandro Sanz
3886467,Alejandro Sanz
3886468,Alejandro Sanz
3886469,Alejandro Sanz
3886470,Alejandro Sanz
6030922,Alejandro Sanz
6030924,Alejandro Sanz
6030925,Alejandro Sanz
6030926,Alejandro Sanz
6030928,Alejandro Sanz
6030934,Alejandro Sanz
6030941,Alejandro Sanz
6030943,Alejandro Sanz
6030944,Alejandro Sanz
6030949,Alejandro Sanz
7632010,Alejandro Sanz
7632011,Alejandro Sanz
7632013,Alejandro Sanz
7632014,Alejandro Sanz
7632015,Alejandro Sanz
7632016,Alejandro Sanz
7632017,Alejandro Sanz
7632018,Alejandro Sanz
7632019,Alejandro Sanz
14620248,Alejandro Sanz
14620250,Alejandro Sanz
14620251,Alejandro Sanz
14620253,Alejandro Sanz
14620254,Alejandro Sanz
14620256,Alejandro Sanz
14620257,Alejandro Sanz
14620258,Alejandro Sanz
14620259,Alejandro Sanz
14620260,Alejandro Sanz
60688242,Alejandro Sanz
60688243,Alejandro Sanz
60688244,Alejandro Sanz
60688245,Alejandro Sanz
60688246,Alejandro Sanz
60688247,Alejandro Sanz
60688248,Alejandro Sanz
60688251,Alejandro Sanz
60688252,Alejandro Sanz
60688253,Alejandro Sanz
877404,Nelly Furtado
877406,Nelly Furtado
877407,Nelly Furtado
877408,Nelly Furtado
877410,Nelly Furtado
877412,Nelly Furtado
877414,Nelly Furtado
877415,Nelly Furtado
913070,Nelly Furtado
913076,Nelly Furtado
913082,Nelly Furtado
913088,Nelly Furtado
913101,Nelly Furtado
913117,Nelly Furtado
913125,Nelly Furtado
913134,Nelly Furtado
913144,Nelly Furtado
913153,Nelly Furtado
1137898,Nelly Furtado
1137901,Nelly Furtado
1137903,Nelly Furtado
1137905,Nelly Furtado
1137907,Nelly Furtado
1137909,Nelly Furtado
1137913,Nelly Furtado
1137916,Nelly Furtado
1137919,Nelly Furtado
1137932,Nelly Furtado
1151140,Nelly Furtado
1151143,Nelly Furtado
1151149,Nelly Furtado
1151152,Nelly Furtado
1151153,Nelly Furtado
1151154,Nelly Furtado
1151157,Nelly Furtado
1151158,Nelly Furtado
1151160,Nelly Furtado
1151161,Nelly Furtado
2428210,Nelly Furtado
2428217,Nelly Furtado
2428224,Nelly Furtado
2428227,Nelly Furtado
2428240,Nelly Furtado
2428245,Nelly Furtado
2428246,Nelly Furtado
7442020,Nelly Furtado
7442021,Nelly Furtado
7442022,Nelly Furtado
7442024,Nelly Furtado
7442025,Nelly Furtado
7442026,Nelly Furtado
7442027,Nelly Furtado
7442028,Nelly Furtado
7442030,Nelly Furtado
7442031,Nelly Furtado
58740401,Nelly Furtado
58740411,Nelly Furtado
58740441,Nelly Furtado
58740461,Nelly Furtado
58740471,Nelly Furtado
58740481,Nelly Furtado
58740491,Nelly Furtado
58740501,Nelly Furtado
58740511,Nelly Furtado
58740561,Nelly Furtado
144126256,Nelly Furtado
144126258,Nelly Furtado
144126262,Nelly Furtado
144126264,Nelly Furtado
144126266,Nelly Furtado
144126270,Nelly Furtado
144126272,Nelly Furtado
144126274,Nelly Furtado
144126276,Nelly Furtado
144126278,Nelly Furtado
904762,Aretha Franklin
904763,Aretha Franklin
904764,Aretha Franklin
904765,Aretha Franklin
904766,Aretha Franklin
904767,Aretha Franklin
904768,Aretha Franklin
904769,Aretha Franklin
75217913,Aretha Franklin
75217915,Aretha Franklin
75217916,Aretha Franklin
75217919,Aretha Franklin
75217920,Aretha Franklin
75217923,Aretha Franklin
75217924,Aretha Franklin
75217926,Aretha Franklin
75217927,Aretha Franklin
76161483,Aretha Franklin
76161484,Aretha Franklin
76161491,Aretha Franklin
76161492,Aretha Franklin
76161498,Aretha Franklin
90074237,Aretha Franklin
90074239,Aretha Franklin
90074241,Aretha Franklin
90074245,Aretha Franklin
90074247,Aretha Franklin
90074253,Aretha Franklin
114402644,Aretha Franklin
114402646,Aretha Franklin
114402648,Aretha Franklin
114402650,Aretha Franklin
114402652,Aretha Franklin
114402654,Aretha Franklin
114402656,Aretha Franklin
114402658,Aretha Franklin
114402660,Aretha Franklin
127101995,Aretha Franklin
127101997,Aretha Franklin
127101999,Aretha Franklin
127102001,Aretha Franklin
127102003,Aretha Franklin
127102007,Aretha Franklin
127102009,Aretha Franklin
127102013,Aretha Franklin
127102015,Aretha Franklin
127102017,Aretha Franklin
1104332,Enrique Iglesias
1104333,Enrique Iglesias
1104334,Enrique Iglesias
1104335,Enrique Iglesias
1104336,Enrique Iglesias
1104337,Enrique Iglesias
1104338,Enrique Iglesias
1104339,Enrique Iglesias
1104340,Enrique Iglesias
1104341,Enrique Iglesias
1182392,Enrique Iglesias
1182393,Enrique Iglesias
1182394,Enrique Iglesias
1182395,Enrique Iglesias
1182396,Enrique Iglesias
1182397,Enrique Iglesias
1182398,Enrique Iglesias
1182399,Enrique Iglesias
1182400,Enrique Iglesias
1182401,Enrique Iglesias
1567411,Enrique Iglesias
1567416,Enrique Iglesias
1567418,Enrique Iglesias
1567425,Enrique Iglesias
1567429,Enrique Iglesias
1567434,Enrique Iglesias
1567442,Enrique Iglesias
1567445,Enrique Iglesias
1567446,Enrique Iglesias
1567449,Enrique Iglesias
2276251,Enrique Iglesias
2276253,Enrique Iglesias
2276255,Enrique Iglesias
2276257,Enrique Iglesias
2276259,Enrique Iglesias
2276260,Enrique Iglesias
2276262,Enrique Iglesias
2276263,Enrique Iglesias
2276265,Enrique Iglesias
2276266,Enrique Iglesias
2279343,Enrique Iglesias
2279344,Enrique Iglesias
2279345,Enrique Iglesias
2279346,Enrique Iglesias
2279348,Enrique Iglesias
2279349,Enrique Iglesias
2279350,Enrique Iglesias
2279351,Enrique Iglesias
2279354,Enrique Iglesias
2279356,Enrique Iglesias
75920550,Enrique Iglesias
75920551,Enrique Iglesias
75920553,Enrique Iglesias
75920554,Enrique Iglesias
75920555,Enrique Iglesias
75920558,Enrique Iglesias
75920559,Enrique Iglesias
75920560,Enrique Iglesias
75920561,Enrique Iglesias
75920563,Enrique Iglesias
84097475,Enrique Iglesias
84097481,Enrique Iglesias
84097485,Enrique Iglesias
84097487,Enrique Iglesias
84097507,Enrique Iglesias
395416442,Enrique Iglesias
395416452,Enrique Iglesias
395416462,Enrique Iglesias
395416472,Enrique Iglesias
395416482,Enrique Iglesias
395416492,Enrique Iglesias
395416502,Enrique Iglesias
395416512,Enrique Iglesias
395416522,Enrique Iglesias
1151609,Marilyn Manson
1151611,Marilyn Manson
1151612,Marilyn Manson
1151614,Marilyn Manson
1151615,Marilyn Manson
1151617,Marilyn Manson
1151618,Marilyn Manson
1151621,Marilyn Manson
1151623,Marilyn Manson
1151624,Marilyn Manson
2516592,Marilyn Manson
2516594,Marilyn Manson
2516595,Marilyn Manson
2516597,Marilyn Manson
2516598,Marilyn Manson
2516599,Marilyn Manson
2516600,Marilyn Manson
2516601,Marilyn Manson
2516603,Marilyn Manson
3051567,Marilyn Manson
3051569,Marilyn Manson
3051570,Marilyn Manson
3051571,Marilyn Manson
3051573,Marilyn Manson
3051574,Marilyn Manson
3051575,Marilyn Manson
3051577,Marilyn Manson
3051578,Marilyn Manson
3051579,Marilyn Manson
14032279,Marilyn Manson
14032280,Marilyn Manson
14032282,Marilyn Manson
14032283,Marilyn Manson
14032286,Marilyn Manson
14032287,Marilyn Manson
14032288,Marilyn Manson
79621412,Marilyn Manson
79621414,Marilyn Manson
79621416,Marilyn Manson
79621418,Marilyn Manson
79621420,Marilyn Manson
87938847,Marilyn Manson
87938851,Marilyn Manson
87938853,Marilyn Manson
87938857,Marilyn Manson
87938859,Marilyn Manson
87938863,Marilyn Manson
87938865,Marilyn Manson
87938867,Marilyn Manson
87938869,Marilyn Manson
87938875,Marilyn Manson
134912878,Marilyn Manson
134912882,Marilyn Manson
134912886,Marilyn Manson
134912888,Marilyn Manson
134912890,Marilyn Manson
134912894,Marilyn Manson
134912896,Marilyn Manson
134912898,Marilyn Manson
134912900,Marilyn Manson
134912902,Marilyn Manson
3355947,Juan Luis Guerra
3355948,Juan Luis Guerra
3355949,Juan Luis Guerra
3355952,Juan Luis Guerra
3355953,Juan Luis Guerra
3355954,Juan Luis Guerra
3355956,Juan Luis Guerra
3355958,Juan Luis Guerra
3355959,Juan Luis Guerra
3355963,Juan Luis Guerra
368786201,Juan Luis Guerra
368786211,Juan Luis Guerra
368786221,Juan Luis Guerra
368786231,Juan Luis Guerra
368786241,Juan Luis Guerra
368786251,Juan Luis Guerra
368786261,Juan Luis Guerra
368786271,Juan Luis Guerra
369357211,Juan Luis Guerra
369357221,Juan Luis Guerra
369357231,Juan Luis Guerra
369357241,Juan Luis Guerra
369357251,Juan Luis Guerra
369357261,Juan Luis Guerra
369357271,Juan Luis Guerra
3766405,Oxmo Puccino
3766406,Oxmo Puccino
3766407,Oxmo Puccino
3766408,Oxmo Puccino
3766409,Oxmo Puccino
3766410,Oxmo Puccino
3766412,Oxmo Puccino
3766413,Oxmo Puccino
3766415,Oxmo Puccino
3766417,Oxmo Puccino
4624586,Oxmo Puccino
4624589,Oxmo Puccino
4624591,Oxmo Puccino
4624592,Oxmo Puccino
4624594,Oxmo Puccino
4624595,Oxmo Puccino
4624596,Oxmo Puccino
4624597,Oxmo Puccino
4624598,Oxmo Puccino
106911234,Oxmo Puccino
106911238,Oxmo Puccino
106911240,Oxmo Puccino
106911242,Oxmo Puccino
106911246,Oxmo Puccino
106911248,Oxmo Puccino
106911250,Oxmo Puccino
106911252,Oxmo Puccino
106911256,Oxmo Puccino
106911258,Oxmo Puccino
143290394,Oxmo Puccino
143290396,Oxmo Puccino
143290398,Oxmo Puccino
143290400,Oxmo Puccino
143290402,Oxmo Puccino
143290404,Oxmo Puccino
143290410,Oxmo Puccino
143290412,Oxmo Puccino
143290414,Oxmo Puccino
143290416,Oxmo Puccino
365911741,Oxmo Puccino
365911751,Oxmo Puccino
365911771,Oxmo Puccino
365911781,Oxmo Puccino
365911791,Oxmo Puccino
365911811,Oxmo Puccino
365911821,Oxmo Puccino
365911831,Oxmo Puccino
365911841,Oxmo Puccino
365911861,Oxmo Puccino
365913531,Oxmo Puccino
365913541,Oxmo Puccino
365913551,Oxmo Puccino
365913561,Oxmo Puccino
365913571,Oxmo Puccino
365913601,Oxmo Puccino
365913611,Oxmo Puccino
365913631,Oxmo Puccino
365913641,Oxmo Puccino
365913651,Oxmo Puccino
4108862,The Rolling Stones
4108863,The Rolling Stones
4108864,The Rolling Stones
4108865,The Rolling Stones
4108866,The Rolling Stones
4108867,The Rolling Stones
4108868,The Rolling Stones
4108869,The Rolling Stones
4108870,The Rolling Stones
4108871,The Rolling Stones
4124706,The Rolling Stones
4124707,The Rolling Stones
4124708,The Rolling Stones
4124709,The Rolling Stones
4124710,The Rolling Stones
4124712,The Rolling Stones
4124713,The Rolling Stones
4124714,The Rolling Stones
4124715,The Rolling Stones
4124717,The Rolling Stones
7677780,The Rolling Stones
7677784,The Rolling Stones
7677785,The Rolling Stones
7677786,The Rolling Stones
7677788,The Rolling Stones
7677790,The Rolling Stones
7677792,The Rolling Stones
7677795,The Rolling Stones
7677800,The Rolling Stones
7677802,The Rolling Stones
7818887,The Rolling Stones
7818888,The Rolling Stones
7818889,The Rolling Stones
7818890,The Rolling Stones
7818893,The Rolling Stones
7818894,The Rolling Stones
7818895,The Rolling Stones
7818896,The Rolling Stones
7818897,The Rolling Stones
7818898,The Rolling Stones
9956162,The Rolling Stones
9956163,The Rolling Stones
9956164,The Rolling Stones
9956165,The Rolling Stones
9956166,The Rolling Stones
9956167,The Rolling Stones
9956169,The Rolling Stones
9956170,The Rolling Stones
9956171,The Rolling Stones
371630641,The Rolling Stones
371630651,The Rolling Stones
371630661,The Rolling Stones
371630691,The Rolling Stones
371630731,The Rolling Stones
371630741,The Rolling Stones
371630801,The Rolling Stones
371630811,The Rolling Stones
371630821,The Rolling Stones
371630831,The Rolling Stones
371630871,The Rolling Stones
371630891,The Rolling Stones
371630901,The Rolling Stones
371630911,The Rolling Stones
371630921,The Rolling Stones
371630941,The Rolling Stones
371630991,The Rolling Stones
371631001,The Rolling Stones
371631011,The Rolling Stones
371631021,The Rolling Stones
371631781,The Rolling Stones
371631791,The Rolling Stones
371631801,The Rolling Stones
371631811,The Rolling Stones
371631821,The Rolling Stones
371631841,The Rolling Stones
371631871,The Rolling Stones
371631911,The Rolling Stones
371631921,The Rolling Stones
371631931,The Rolling Stones
4217748,Tiësto
4217750,Tiësto
4217754,Tiësto
4217755,Tiësto
4217757,Tiësto
4217758,Tiësto
6966670,Tiësto
6966672,Tiësto
6966674,Tiësto
6966678,Tiësto
6966679,Tiësto
10286960,Tiësto
10286961,Tiësto
10286962,Tiësto
10286963,Tiësto
10286964,Tiësto
10286966,Tiësto
13840362,Tiësto
13840363,Tiësto
13840364,Tiësto
13840365,Tiësto
13840367,Tiësto
13840369,Tiësto
13840370,Tiësto
13840371,Tiësto
13840372,Tiësto
13840373,Tiësto
13840388,Tiësto
13840390,Tiësto
13840391,Tiësto
13840392,Tiësto
13840393,Tiësto
13840394,Tiësto
13840395,Tiësto
13840411,Tiësto
13840412,Tiësto
13840416,Tiësto
13840418,Tiësto
13840423,Tiësto
13840427,Tiësto
13840428,Tiësto
13840430,Tiësto
13840432,Tiësto
13840433,Tiësto
116964888,Tiësto
116964894,Tiësto
116964896,Tiësto
116964900,Tiësto
116964908,Tiësto
116964916,Tiësto
116964918,Tiësto
116964936,Tiësto
4675052,Planta E Raiz
4675055,Planta E Raiz
4675056,Planta E Raiz
4675057,Planta E Raiz
4675058,Planta E Raiz
4675059,Planta E Raiz
4675060,Planta E Raiz
4675061,Planta E Raiz
4675063,Planta E Raiz
4675065,Planta E Raiz
4682274,Planta E Raiz
4682275,Planta E Raiz
4682277,Planta E Raiz
4682280,Planta E Raiz
4682281,Planta E Raiz
4682283,Planta E Raiz
4682285,Planta E Raiz
4682286,Planta E Raiz
4682287,Planta E Raiz
71317454,Planta E Raiz
71317455,Planta E Raiz
71317456,Planta E Raiz
71317457,Planta E Raiz
71317458,Planta E Raiz
71317459,Planta E Raiz
71317461,Planta E Raiz
71317462,Planta E Raiz
71514811,Planta E Raiz
71514814,Planta E Raiz
71514816,Planta E Raiz
71514818,Planta E Raiz
71514820,Planta E Raiz
71514822,Planta E Raiz
71514824,Planta E Raiz
71514826,Planta E Raiz
71514828,Planta E Raiz
71980845,Planta E Raiz
71980846,Planta E Raiz
71980847,Planta E Raiz
71980848,Planta E Raiz
71980849,Planta E Raiz
71980850,Planta E Raiz
71980851,Planta E Raiz
71980852,Planta E Raiz
71980853,Planta E Raiz
71980854,Planta E Raiz
99256224,Planta E Raiz
99256226,Planta E Raiz
99256228,Planta E Raiz
99256230,Planta E Raiz
99256232,Planta E Raiz
99256234,Planta E Raiz
99256244,Planta E Raiz
99256250,Planta E Raiz
99256252,Planta E Raiz
99256256,Planta E Raiz
385727491,Planta E Raiz
385727511,Planta E Raiz
385727531,Planta E Raiz
385727541,Planta E Raiz
385727551,Planta E Raiz
385727561,Planta E Raiz
385727571,Planta E Raiz
385727581,Planta E Raiz
385727591,Planta E Raiz
385727601,Planta E Raiz
6720546,Camila
6720549,Camila
6720550,Camila
6720551,Camila
6720552,Camila
6720555,Camila
6720556,Camila
6720557,Camila
6720558,Camila
6720559,Camila
9793334,Camila
9793342,Camila
9793343,Camila
9793344,Camila
9793345,Camila
77434020,Camila
77434021,Camila
77434023,Camila
77434024,Camila
77434025,Camila
77434027,Camila
77434028,Camila
77434029,Camila
77434030,Camila
77434031,Camila
77631062,Camila
77631063,Camila
77631064,Camila
77631066,Camila
77631067,Camila
77631068,Camila
77631069,Camila
77631070,Camila
77631071,Camila
77631072,Camila
10014284,Queen
10014285,Queen
10014286,Queen
10014287,Queen
10014288,Queen
10014289,Queen
10014290,Queen
10014291,Queen
10014292,Queen
10014293,Queen
12274743,Queen
12274744,Queen
12274745,Queen
12274746,Queen
12274747,Queen
12274748,Queen
12274750,Queen
12274751,Queen
12274752,Queen
12274753,Queen
12274820,Queen
12274821,Queen
12274822,Queen
12274825,Queen
12274828,Queen
12274829,Queen
12274832,Queen
12274834,Queen
12274837,Queen
12274841,Queen
13459054,Queen
13459055,Queen
13459057,Queen
13459060,Queen
13459061,Queen
13459062,Queen
13459063,Queen
13499024,Queen
13499027,Queen
13499028,Queen
13499029,Queen
13499030,Queen
13499031,Queen
13499034,Queen
13499035,Queen
13499036,Queen
13499037,Queen
15928222,Queen
15928224,Queen
15928226,Queen
15928227,Queen
15928228,Queen
15928230,Queen
15928232,Queen
15928234,Queen
15928235,Queen
15928238,Queen
113412960,Queen
113412964,Queen
113412970,Queen
113412974,Queen
113412982,Queen
113412984,Queen
113412990,Queen
113412992,Queen
135369842,Queen
135369854,Queen
135369858,Queen
135369860,Queen
135369866,Queen
135369870,Queen
135369878,Queen
135369880,Queen
135369882,Queen
135369884,Queen
11577192,Elvis Presley
11577193,Elvis Presley
11577194,Elvis Presley
11577195,Elvis Presley
11577196,Elvis Presley
11577197,Elvis Presley
11577198,Elvis Presley
11577200,Elvis Presley
11577201,Elvis Presley
66814792,Elvis Presley
66814795,Elvis Presley
66814798,Elvis Presley
66814807,Elvis Presley
66814808,Elvis Presley
66814814,Elvis Presley
66814815,Elvis Presley
66814819,Elvis Presley
66814823,Elvis Presley
66814850,Elvis Presley
70318379,Elvis Presley
70318380,Elvis Presley
70318381,Elvis Presley
70318384,Elvis Presley
70318385,Elvis Presley
70318387,Elvis Presley
70318390,Elvis Presley
70318391,Elvis Presley
70318392,Elvis Presley
70318393,Elvis Presley
71531148,Elvis Presley
71531149,Elvis Presley
71531152,Elvis Presley
71531153,Elvis Presley
71531157,Elvis Presley
71531159,Elvis Presley
71531160,Elvis Presley
71531161,Elvis Presley
71531164,Elvis Presley
71531165,Elvis Presley
115719306,Elvis Presley
115719308,Elvis Presley
115719310,Elvis Presley
115719312,Elvis Presley
115719314,Elvis Presley
115719316,Elvis Presley
115719318,Elvis Presley
115719320,Elvis Presley
145443444,Elvis Presley
145443446,Elvis Presley
145443448,Elvis Presley
145443450,Elvis Presley
145443452,Elvis Presley
145443454,Elvis Presley
145443458,Elvis Presley
145443460,Elvis Presley
145443464,Elvis Presley
145443466,Elvis Presley
379467751,Elvis Presley
379467771,Elvis Presley
379467781,Elvis Presley
379467791,Elvis Presley
379467801,Elvis Presley
379467811,Elvis Presley
379467821,Elvis Presley
379467831,Elvis Presley
379467841,Elvis Presley
379467851,Elvis Presley
395706052,Elvis Presley
395706062,Elvis Presley
395706072,Elvis Presley
395706082,Elvis Presley
395706092,Elvis Presley
395706102,Elvis Presley
395706112,Elvis Presley
395706122,Elvis Presley
395706132,Elvis Presley
395706142,Elvis Presley
11670685,Camille
11670686,Camille
11670688,Camille
11670689,Camille
11670690,Camille
11670691,Camille
11670692,Camille
115107524,Camille
115107526,Camille
115107528,Camille
115107530,Camille
115107532,Camille
115107534,Camille
115107536,Camille
115107538,Camille
115107540,Camille
115107542,Camille
124709216,Camille
124709218,Camille
124709220,Camille
124709222,Camille
124709224,Camille
124709226,Camille
124709228,Camille
355170161,Camille
355170171,Camille
355170191,Camille
355170201,Camille
355170211,Camille
355170221,Camille
355170231,Camille
355170241,Camille
355170251,Camille
355170261,Camille
355172621,Camille
355172641,Camille
355172661,Camille
355172711,Camille
355172721,Camille
355172731,Camille
355172751,Camille
355172761,Camille
355172771,Camille
355172801,Camille
355183761,Camille
355183801,Camille
355183821,Camille
355183851,Camille
355183861,Camille
355183891,Camille
355183901,Camille
355183941,Camille
355183981,Camille
355184141,Camille
355184151,Camille
355184161,Camille
355184171,Camille
355184181,Camille
364702471,Camille
364702481,Camille
364702491,Camille
364702501,Camille
364702511,Camille
364702521,Camille
364702531,Camille
364702541,Camille
364702551,Camille
364702561,Camille
13257737,Carlos Vives
13257745,Carlos Vives
13257770,Carlos Vives
13257771,Carlos Vives
13257795,Carlos Vives
13257810,Carlos Vives
13257857,Carlos Vives
13257858,Carlos Vives
13257883,Carlos Vives
13257910,Carlos Vives
71711925,Carlos Vives
71711926,Carlos Vives
71711927,Carlos Vives
71711928,Carlos Vives
71711929,Carlos Vives
71711930,Carlos Vives
71711931,Carlos Vives
71711932,Carlos Vives
71711933,Carlos Vives
71711934,Carlos Vives
71731737,Carlos Vives
71731738,Carlos Vives
71731739,Carlos Vives
71731740,Carlos Vives
71731742,Carlos Vives
71731743,Carlos Vives
71731744,Carlos Vives
71731746,Carlos Vives
71731747,Carlos Vives
71731749,Carlos Vives
71731753,Carlos Vives
71731755,Carlos Vives
71731757,Carlos Vives
71731759,Carlos Vives
71731760,Carlos Vives
71731761,Carlos Vives
71731762,Carlos Vives
71731764,Carlos Vives
71731765,Carlos Vives
71731766,Carlos Vives
137728947,Carlos Vives
137728955,Carlos Vives
137728963,Carlos Vives
137728969,Carlos Vives
137728973,Carlos Vives
137728977,Carlos Vives
137728981,Carlos Vives
137728989,Carlos Vives
137728993,Carlos Vives
137728997,Carlos Vives
15515452,Banda Sinaloense MS de Sergio Lizarraga
15515453,Banda Sinaloense MS de Sergio Lizarraga
15515455,Banda Sinaloense MS de Sergio Lizarraga
15515458,Banda Sinaloense MS de Sergio Lizarraga
15515460,Banda Sinaloense MS de Sergio Lizarraga
15515461,Banda Sinaloense MS de Sergio Lizarraga
15515463,Banda Sinaloense MS de Sergio Lizarraga
15515464,Banda Sinaloense MS de Sergio Lizarraga
15515465,Banda Sinaloense MS de Sergio Lizarraga
15515466,Banda Sinaloense MS de Sergio Lizarraga
61731042,Banda Sinaloense MS de Sergio Lizarraga
61731043,Banda Sinaloense MS de Sergio Lizarraga
61731045,Banda Sinaloense MS de Sergio Lizarraga
61731049,Banda Sinaloense MS de Sergio Lizarraga
61731050,Banda Sinaloense MS de Sergio Lizarraga
109170042,Banda Sinaloense MS de Sergio Lizarraga
109170044,Banda Sinaloense MS de Sergio Lizarraga
109170046,Banda Sinaloense MS de Sergio Lizarraga
109170050,Banda Sinaloense MS de Sergio Lizarraga
109170056,Banda Sinaloense MS de Sergio Lizarraga
109170064,Banda Sinaloense MS de Sergio Lizarraga
109170066,Banda Sinaloense MS de Sergio Lizarraga
109170074,Banda Sinaloense MS de Sergio Lizarraga
109170078,Banda Sinaloense MS de Sergio Lizarraga
109170080,Banda Sinaloense MS de Sergio Lizarraga
124891784,Banda Sinaloense MS de Sergio Lizarraga
124891790,Banda Sinaloense MS de Sergio Lizarraga
124891792,Banda Sinaloense MS de Sergio Lizarraga
124891794,Banda Sinaloense MS de Sergio Lizarraga
124891796,Banda Sinaloense MS de Sergio Lizarraga
124891798,Banda Sinaloense MS de Sergio Lizarraga
124891802,Banda Sinaloense MS de Sergio Lizarraga
124891804,Banda Sinaloense MS de Sergio Lizarraga
124891810,Banda Sinaloense MS de Sergio Lizarraga
124891818,Banda Sinaloense MS de Sergio Lizarraga
135372126,Banda Sinaloense MS de Sergio Lizarraga
135372132,Banda Sinaloense MS de Sergio Lizarraga
135372138,Banda Sinaloense MS de Sergio Lizarraga
135372140,Banda Sinaloense MS de Sergio Lizarraga
135372146,Banda Sinaloense MS de Sergio Lizarraga
135372148,Banda Sinaloense MS de Sergio Lizarraga
346892981,Banda Sinaloense MS de Sergio Lizarraga
346892991,Banda Sinaloense MS de Sergio Lizarraga
346893011,Banda Sinaloense MS de Sergio Lizarraga
346893041,Banda Sinaloense MS de Sergio Lizarraga
346893051,Banda Sinaloense MS de Sergio Lizarraga
346893061,Banda Sinaloense MS de Sergio Lizarraga
346893071,Banda Sinaloense MS de Sergio Lizarraga
346893081,Banda Sinaloense MS de Sergio Lizarraga
346893091,Banda Sinaloense MS de Sergio Lizarraga
346893101,Banda Sinaloense MS de Sergio Lizarraga
356518611,Banda Sinaloense MS de Sergio Lizarraga
356518621,Banda Sinaloense MS de Sergio Lizarraga
356518631,Banda Sinaloense MS de Sergio Lizarraga
356518641,Banda Sinaloense MS de Sergio Lizarraga
356518671,Banda Sinaloense MS de Sergio Lizarraga
356518681,Banda Sinaloense MS de Sergio Lizarraga
356518701,Banda Sinaloense MS de Sergio Lizarraga
356518711,Banda Sinaloense MS de Sergio Lizarraga
356518721,Banda Sinaloense MS de Sergio Lizarraga
356518731,Banda Sinaloense MS de Sergio Lizarraga
356553501,Banda Sinaloense MS de Sergio Lizarraga
356553511,Banda Sinaloense MS de Sergio Lizarraga
356553531,Banda Sinaloense MS de Sergio Lizarraga
356553541,Banda Sinaloense MS de Sergio Lizarraga
356553551,Banda Sinaloense MS de Sergio Lizarraga
356553561,Banda Sinaloense MS de Sergio Lizarraga
356553571,Banda Sinaloense MS de Sergio Lizarraga
356553591,Banda Sinaloense MS de Sergio Lizarraga
356553601,Banda Sinaloense MS de Sergio Lizarraga
356553651,Banda Sinaloense MS de Sergio Lizarraga
57729921,David Carreira
57729941,David Carreira
57729961,David Carreira
57729971,David Carreira
57729991,David Carreira
57730001,David Carreira
57730011,David Carreira
57730021,David Carreira
57730031,David Carreira
57730051,David Carreira
72405254,David Carreira
72405255,David Carreira
72405256,David Carreira
72405258,David Carreira
72405259,David Carreira
72405260,David Carreira
72405261,David Carreira
72405262,David Carreira
72405263,David Carreira
72405264,David Carreira
82644472,David Carreira
82644474,David Carreira
82644476,David Carreira
82644478,David Carreira
82644480,David Carreira
82644486,David Carreira
82644488,David Carreira
82644490,David Carreira
82644492,David Carreira
82644494,David Carreira
126609205,David Carreira
126609211,David Carreira
126609213,David Carreira
126609215,David Carreira
126609217,David Carreira
126609219,David Carreira
126609221,David Carreira
136335640,David Carreira
136335656,David Carreira
136335660,David Carreira
136335666,David Carreira
136335684,David Carreira
136335694,David Carreira
136335702,David Carreira
136335706,David Carreira
136335710,David Carreira
136335712,David Carreira
69237861,Bash
69237862,Bash
69237863,Bash
69237864,Bash
69237865,Bash
69237866,Bash
69237867,Bash
69237868,Bash
69237869,Bash
103202236,Bash
103202238,Bash
103202240,Bash
103202242,Bash
103202244,Bash
103202246,Bash
103202248,Bash
103202250,Bash
103202252,Bash
103202254,Bash
108295188,Bash
108295190,Bash
108295192,Bash
108295194,Bash
108295198,Bash
108295200,Bash
108295202,Bash
108295204,Bash
108295206,Bash
108295210,Bash
123360556,Bash
123360558,Bash
123360560,Bash
123360564,Bash
123360566,Bash
123360570,Bash
123360572,Bash
123360574,Bash
123360576,Bash
123360580,Bash
69261915,Alex Zurdo
69261916,Alex Zurdo
69261918,Alex Zurdo
69261919,Alex Zurdo
69261920,Alex Zurdo
69261922,Alex Zurdo
69261925,Alex Zurdo
69261926,Alex Zurdo
69261927,Alex Zurdo
69261929,Alex Zurdo
82129048,Alex Zurdo
82129052,Alex Zurdo
82129054,Alex Zurdo
82129056,Alex Zurdo
82129062,Alex Zurdo
82129064,Alex Zurdo
82129068,Alex Zurdo
82129070,Alex Zurdo
82129072,Alex Zurdo
82129076,Alex Zurdo
122950882,Alex Zurdo
122950886,Alex Zurdo
122950890,Alex Zurdo
122950894,Alex Zurdo
122950900,Alex Zurdo
122950906,Alex Zurdo
122950914,Alex Zurdo
122950916,Alex Zurdo
122950918,Alex Zurdo
122950922,Alex Zurdo
368125311,Alex Zurdo
368125321,Alex Zurdo
368125331,Alex Zurdo
368125341,Alex Zurdo
368125361,Alex Zurdo
368125371,Alex Zurdo
368125381,Alex Zurdo
368125401,Alex Zurdo
368125411,Alex Zurdo
377350161,Alex Zurdo
377350181,Alex Zurdo
377350191,Alex Zurdo
377350211,Alex Zurdo
377350221,Alex Zurdo
377350231,Alex Zurdo
377350241,Alex Zurdo
377350251,Alex Zurdo
377350291,Alex Zurdo
377350311,Alex Zurdo
71389706,Luan Santana
71389708,Luan Santana
71389710,Luan Santana
71389711,Luan Santana
71389712,Luan Santana
71389715,Luan Santana
71389716,Luan Santana
71389717,Luan Santana
71389721,Luan Santana
71389722,Luan Santana
99339552,Luan Santana
99339554,Luan Santana
99339558,Luan Santana
99339568,Luan Santana
99339570,Luan Santana
99339572,Luan Santana
99339576,Luan Santana
99339580,Luan Santana
99339582,Luan Santana
99339586,Luan Santana
101137660,Luan Santana
101137662,Luan Santana
101137668,Luan Santana
101137670,Luan Santana
101137672,Luan Santana
101137678,Luan Santana
101137680,Luan Santana
101137682,Luan Santana
101137686,Luan Santana
101137694,Luan Santana
134876836,Luan Santana
134876840,Luan Santana
134876842,Luan Santana
134876844,Luan Santana
134876846,Luan Santana
134876848,Luan Santana
134876850,Luan Santana
134876852,Luan Santana
134876854,Luan Santana
134876856,Luan Santana
122651104,Kekra
122651106,Kekra
122651110,Kekra
122651112,Kekra
122651114,Kekra
122651116,Kekra
122651120,Kekra
122651122,Kekra
122651124,Kekra
122651126,Kekra
137098152,Kekra
137098154,Kekra
137098156,Kekra
137098158,Kekra
137098160,Kekra
137098162,Kekra
137098164,Kekra
137098166,Kekra
137098168,Kekra
137098170,Kekra
353397201,Kekra
353397221,Kekra
353397231,Kekra
353397251,Kekra
353397271,Kekra
353397281,Kekra
353397291,Kekra
353397301,Kekra
353397321,Kekra
353397331,Kekra
122989130,Mastruz Com Leite
122989142,Mastruz Com Leite
122989146,Mastruz Com Leite
122989148,Mastruz Com Leite
122989150,Mastruz Com Leite
122989152,Mastruz Com Leite
122989156,Mastruz Com Leite
122989160,Mastruz Com Leite
122989164,Mastruz Com Leite
122989168,Mastruz Com Leite
123069458,Mastruz Com Leite
123069460,Mastruz Com Leite
123069462,Mastruz Com Leite
123069464,Mastruz Com Leite
123069468,Mastruz Com Leite
123069470,Mastruz Com Leite
123069472,Mastruz Com Leite
123069478,Mastruz Com Leite
123069482,Mastruz Com Leite
123069484,Mastruz Com Leite
123282912,Mastruz Com Leite
123282914,Mastruz Com Leite
123282922,Mastruz Com Leite
123282924,Mastruz Com Leite
123282928,Mastruz Com Leite
123282932,Mastruz Com Leite
123282936,Mastruz Com Leite
123282944,Mastruz Com Leite
123282946,Mastruz Com Leite
123282948,Mastruz Com Leite
123467234,Mastruz Com Leite
123467236,Mastruz Com Leite
123467240,Mastruz Com Leite
123467242,Mastruz Com Leite
123467244,Mastruz Com Leite
123467250,Mastruz Com Leite
123467252,Mastruz Com Leite
123467254,Mastruz Com Leite
123467256,Mastruz Com Leite
123467266,Mastruz Com Leite
125839905,Mastruz Com Leite
125839907,Mastruz Com Leite
125839909,Mastruz Com Leite
125839911,Mastruz Com Leite
125839913,Mastruz Com Leite
125839915,Mastruz Com Leite
125839917,Mastruz Com Leite
125839919,Mastruz Com Leite
125839927,Mastruz Com Leite
125839929,Mastruz Com Leite
128238725,Mastruz Com Leite
128238729,Mastruz Com Leite
128238731,Mastruz Com Leite
128238733,Mastruz Com Leite
128238735,Mastruz Com Leite
128238737,Mastruz Com Leite
128238739,Mastruz Com Leite
128238741,Mastruz Com Leite
128238745,Mastruz Com Leite
128238747,Mastruz Com Leite
128248507,Mastruz Com Leite
128248509,Mastruz Com Leite
128248511,Mastruz Com Leite
128248515,Mastruz Com Leite
128248517,Mastruz Com Leite
128248525,Mastruz Com Leite
128248527,Mastruz Com Leite
128248529,Mastruz Com Leite
128248531,Mastruz Com Leite
128248533,Mastruz Com Leite
141763579,Mastruz Com Leite
141763583,Mastruz Com Leite
141763589,Mastruz Com Leite
141763595,Mastruz Com Leite
141763603,Mastruz Com Leite
141763605,Mastruz Com Leite
141763609,Mastruz Com Leite
141763611,Mastruz Com Leite
141763613,Mastruz Com Leite
141763615,Mastruz Com Leite
